
--Alojamientos

Insert into A_ALOJAMIENTO (ID,UBICACION,DURACIONMIN,COSTO) values ('1','oeste','1','99');
Insert into A_ALOJAMIENTO (ID,UBICACION,DURACIONMIN,COSTO) values ('2','oeste','1','269');
Insert into A_ALOJAMIENTO (ID,UBICACION,DURACIONMIN,COSTO) values ('3','oeste','1','322');
Insert into A_ALOJAMIENTO (ID,UBICACION,DURACIONMIN,COSTO) values ('4','centro','1','161');
Insert into A_ALOJAMIENTO (ID,UBICACION,DURACIONMIN,COSTO) values ('5','centro','1','163');
Insert into A_ALOJAMIENTO (ID,UBICACION,DURACIONMIN,COSTO) values ('6','norte','1','678');
Insert into A_ALOJAMIENTO (ID,UBICACION,DURACIONMIN,COSTO) values ('7','oeste','1','437');
Insert into A_ALOJAMIENTO (ID,UBICACION,DURACIONMIN,COSTO) values ('8','oeste','1','545');
Insert into A_ALOJAMIENTO (ID,UBICACION,DURACIONMIN,COSTO) values ('9','sur','1','439');
Insert into A_ALOJAMIENTO (ID,UBICACION,DURACIONMIN,COSTO) values ('10','este','1','834');
Insert into A_ALOJAMIENTO (ID,UBICACION,DURACIONMIN,COSTO) values ('11','norte','1','421');
Insert into A_ALOJAMIENTO (ID,UBICACION,DURACIONMIN,COSTO) values ('12','centro','1','605');
Insert into A_ALOJAMIENTO (ID,UBICACION,DURACIONMIN,COSTO) values ('13','norte','1','189');
Insert into A_ALOJAMIENTO (ID,UBICACION,DURACIONMIN,COSTO) values ('14','norte','1','901');
Insert into A_ALOJAMIENTO (ID,UBICACION,DURACIONMIN,COSTO) values ('15','este','1','591');
Insert into A_ALOJAMIENTO (ID,UBICACION,DURACIONMIN,COSTO) values ('16','norte','1','945');
Insert into A_ALOJAMIENTO (ID,UBICACION,DURACIONMIN,COSTO) values ('17','centro','1','229');
Insert into A_ALOJAMIENTO (ID,UBICACION,DURACIONMIN,COSTO) values ('18','norte','1','820');
Insert into A_ALOJAMIENTO (ID,UBICACION,DURACIONMIN,COSTO) values ('19','centro','1','221');
Insert into A_ALOJAMIENTO (ID,UBICACION,DURACIONMIN,COSTO) values ('20','oeste','1','702');
Insert into A_ALOJAMIENTO (ID,UBICACION,DURACIONMIN,COSTO) values ('21','oeste','1','618');
Insert into A_ALOJAMIENTO (ID,UBICACION,DURACIONMIN,COSTO) values ('22','centro','1','162');
Insert into A_ALOJAMIENTO (ID,UBICACION,DURACIONMIN,COSTO) values ('23','centro','1','329');
Insert into A_ALOJAMIENTO (ID,UBICACION,DURACIONMIN,COSTO) values ('24','sur','1','347');
Insert into A_ALOJAMIENTO (ID,UBICACION,DURACIONMIN,COSTO) values ('25','centro','1','28');
Insert into A_ALOJAMIENTO (ID,UBICACION,DURACIONMIN,COSTO) values ('26','oeste','1','457');
Insert into A_ALOJAMIENTO (ID,UBICACION,DURACIONMIN,COSTO) values ('27','norte','1','46');
Insert into A_ALOJAMIENTO (ID,UBICACION,DURACIONMIN,COSTO) values ('28','oeste','1','381');
Insert into A_ALOJAMIENTO (ID,UBICACION,DURACIONMIN,COSTO) values ('29','norte','1','194');
Insert into A_ALOJAMIENTO (ID,UBICACION,DURACIONMIN,COSTO) values ('30','sur','1','339');
Insert into A_ALOJAMIENTO (ID,UBICACION,DURACIONMIN,COSTO) values ('31','este','1','319');
Insert into A_ALOJAMIENTO (ID,UBICACION,DURACIONMIN,COSTO) values ('32','norte','1','490');
Insert into A_ALOJAMIENTO (ID,UBICACION,DURACIONMIN,COSTO) values ('33','sur','1','85');
Insert into A_ALOJAMIENTO (ID,UBICACION,DURACIONMIN,COSTO) values ('34','norte','1','847');
Insert into A_ALOJAMIENTO (ID,UBICACION,DURACIONMIN,COSTO) values ('35','oeste','1','601');
Insert into A_ALOJAMIENTO (ID,UBICACION,DURACIONMIN,COSTO) values ('36','sur','1','305');
Insert into A_ALOJAMIENTO (ID,UBICACION,DURACIONMIN,COSTO) values ('37','sur','1','548');
Insert into A_ALOJAMIENTO (ID,UBICACION,DURACIONMIN,COSTO) values ('38','sur','1','132');
Insert into A_ALOJAMIENTO (ID,UBICACION,DURACIONMIN,COSTO) values ('39','norte','1','2');
Insert into A_ALOJAMIENTO (ID,UBICACION,DURACIONMIN,COSTO) values ('40','norte','1','254');
Insert into A_ALOJAMIENTO (ID,UBICACION,DURACIONMIN,COSTO) values ('41','norte','1','622');
Insert into A_ALOJAMIENTO (ID,UBICACION,DURACIONMIN,COSTO) values ('42','norte','1','41');
Insert into A_ALOJAMIENTO (ID,UBICACION,DURACIONMIN,COSTO) values ('43','norte','1','578');
Insert into A_ALOJAMIENTO (ID,UBICACION,DURACIONMIN,COSTO) values ('44','centro','1','426');
Insert into A_ALOJAMIENTO (ID,UBICACION,DURACIONMIN,COSTO) values ('45','este','1','114');
Insert into A_ALOJAMIENTO (ID,UBICACION,DURACIONMIN,COSTO) values ('46','oeste','1','323');
Insert into A_ALOJAMIENTO (ID,UBICACION,DURACIONMIN,COSTO) values ('47','sur','1','839');
Insert into A_ALOJAMIENTO (ID,UBICACION,DURACIONMIN,COSTO) values ('48','sur','1','689');
Insert into A_ALOJAMIENTO (ID,UBICACION,DURACIONMIN,COSTO) values ('49','este','1','882');
Insert into A_ALOJAMIENTO (ID,UBICACION,DURACIONMIN,COSTO) values ('50','sur','1','686');
Insert into A_ALOJAMIENTO (ID,UBICACION,DURACIONMIN,COSTO) values ('51','centro','1','87');
Insert into A_ALOJAMIENTO (ID,UBICACION,DURACIONMIN,COSTO) values ('52','centro','1','341');
Insert into A_ALOJAMIENTO (ID,UBICACION,DURACIONMIN,COSTO) values ('53','sur','1','76');
Insert into A_ALOJAMIENTO (ID,UBICACION,DURACIONMIN,COSTO) values ('54','sur','1','334');
Insert into A_ALOJAMIENTO (ID,UBICACION,DURACIONMIN,COSTO) values ('55','sur','1','185');
Insert into A_ALOJAMIENTO (ID,UBICACION,DURACIONMIN,COSTO) values ('56','oeste','1','364');
Insert into A_ALOJAMIENTO (ID,UBICACION,DURACIONMIN,COSTO) values ('57','norte','1','176');
Insert into A_ALOJAMIENTO (ID,UBICACION,DURACIONMIN,COSTO) values ('58','oeste','1','865');
Insert into A_ALOJAMIENTO (ID,UBICACION,DURACIONMIN,COSTO) values ('59','sur','1','531');
Insert into A_ALOJAMIENTO (ID,UBICACION,DURACIONMIN,COSTO) values ('60','sur','1','287');
Insert into A_ALOJAMIENTO (ID,UBICACION,DURACIONMIN,COSTO) values ('61','norte','1','680');
Insert into A_ALOJAMIENTO (ID,UBICACION,DURACIONMIN,COSTO) values ('62','centro','1','513');
Insert into A_ALOJAMIENTO (ID,UBICACION,DURACIONMIN,COSTO) values ('63','sur','1','961');
Insert into A_ALOJAMIENTO (ID,UBICACION,DURACIONMIN,COSTO) values ('64','sur','1','211');
Insert into A_ALOJAMIENTO (ID,UBICACION,DURACIONMIN,COSTO) values ('65','norte','1','613');
Insert into A_ALOJAMIENTO (ID,UBICACION,DURACIONMIN,COSTO) values ('66','norte','1','114');
Insert into A_ALOJAMIENTO (ID,UBICACION,DURACIONMIN,COSTO) values ('67','este','1','25');
Insert into A_ALOJAMIENTO (ID,UBICACION,DURACIONMIN,COSTO) values ('68','sur','1','322');
Insert into A_ALOJAMIENTO (ID,UBICACION,DURACIONMIN,COSTO) values ('69','centro','1','507');
Insert into A_ALOJAMIENTO (ID,UBICACION,DURACIONMIN,COSTO) values ('70','oeste','1','996');
Insert into A_ALOJAMIENTO (ID,UBICACION,DURACIONMIN,COSTO) values ('71','centro','1','933');
Insert into A_ALOJAMIENTO (ID,UBICACION,DURACIONMIN,COSTO) values ('72','oeste','1','522');
Insert into A_ALOJAMIENTO (ID,UBICACION,DURACIONMIN,COSTO) values ('73','sur','1','440');
Insert into A_ALOJAMIENTO (ID,UBICACION,DURACIONMIN,COSTO) values ('74','oeste','1','920');
Insert into A_ALOJAMIENTO (ID,UBICACION,DURACIONMIN,COSTO) values ('75','sur','1','5');
Insert into A_ALOJAMIENTO (ID,UBICACION,DURACIONMIN,COSTO) values ('76','este','1','848');
Insert into A_ALOJAMIENTO (ID,UBICACION,DURACIONMIN,COSTO) values ('77','este','1','675');
Insert into A_ALOJAMIENTO (ID,UBICACION,DURACIONMIN,COSTO) values ('78','norte','1','166');
Insert into A_ALOJAMIENTO (ID,UBICACION,DURACIONMIN,COSTO) values ('79','norte','1','445');
Insert into A_ALOJAMIENTO (ID,UBICACION,DURACIONMIN,COSTO) values ('80','oeste','1','667');
Insert into A_ALOJAMIENTO (ID,UBICACION,DURACIONMIN,COSTO) values ('81','oeste','1','600');
Insert into A_ALOJAMIENTO (ID,UBICACION,DURACIONMIN,COSTO) values ('82','este','1','655');
Insert into A_ALOJAMIENTO (ID,UBICACION,DURACIONMIN,COSTO) values ('83','centro','1','356');
Insert into A_ALOJAMIENTO (ID,UBICACION,DURACIONMIN,COSTO) values ('84','centro','1','44');
Insert into A_ALOJAMIENTO (ID,UBICACION,DURACIONMIN,COSTO) values ('85','sur','1','878');
Insert into A_ALOJAMIENTO (ID,UBICACION,DURACIONMIN,COSTO) values ('86','sur','1','651');
Insert into A_ALOJAMIENTO (ID,UBICACION,DURACIONMIN,COSTO) values ('87','oeste','1','631');
Insert into A_ALOJAMIENTO (ID,UBICACION,DURACIONMIN,COSTO) values ('88','este','1','131');
Insert into A_ALOJAMIENTO (ID,UBICACION,DURACIONMIN,COSTO) values ('89','este','1','931');
Insert into A_ALOJAMIENTO (ID,UBICACION,DURACIONMIN,COSTO) values ('90','centro','30','467');
Insert into A_ALOJAMIENTO (ID,UBICACION,DURACIONMIN,COSTO) values ('91','oeste','30','268');
Insert into A_ALOJAMIENTO (ID,UBICACION,DURACIONMIN,COSTO) values ('92','centro','30','67');
Insert into A_ALOJAMIENTO (ID,UBICACION,DURACIONMIN,COSTO) values ('93','este','30','903');
Insert into A_ALOJAMIENTO (ID,UBICACION,DURACIONMIN,COSTO) values ('94','este','30','408');
Insert into A_ALOJAMIENTO (ID,UBICACION,DURACIONMIN,COSTO) values ('95','este','30','273');
Insert into A_ALOJAMIENTO (ID,UBICACION,DURACIONMIN,COSTO) values ('96','norte','30','864');
Insert into A_ALOJAMIENTO (ID,UBICACION,DURACIONMIN,COSTO) values ('97','norte','30','116');
Insert into A_ALOJAMIENTO (ID,UBICACION,DURACIONMIN,COSTO) values ('98','oeste','30','412');
Insert into A_ALOJAMIENTO (ID,UBICACION,DURACIONMIN,COSTO) values ('99','oeste','30','919');
Insert into A_ALOJAMIENTO (ID,UBICACION,DURACIONMIN,COSTO) values ('100','sur','30','465');

--Cliente

Insert into A_CLIENTE (IDENTIFICACION,NOMBRE,TIPOVINCULO,CORREOELECTRONICO,TELEFONO,ULTIMAFECHARESERVA) values ('0402842626','Garrik','empleado','gcoryndon0@uiuc.edu','6467783657',to_date('01/11/22','DD/MM/RR'));
Insert into A_CLIENTE (IDENTIFICACION,NOMBRE,TIPOVINCULO,CORREOELECTRONICO,TELEFONO,ULTIMAFECHARESERVA) values ('1453890033','Timoteo','empleado','tlatchford1@baidu.com','8851416189',to_date('09/06/22','DD/MM/RR'));
Insert into A_CLIENTE (IDENTIFICACION,NOMBRE,TIPOVINCULO,CORREOELECTRONICO,TELEFONO,ULTIMAFECHARESERVA) values ('5132111122','Heall','empleado','hlazare2@vkontakte.ru','3406380818',to_date('25/06/22','DD/MM/RR'));
Insert into A_CLIENTE (IDENTIFICACION,NOMBRE,TIPOVINCULO,CORREOELECTRONICO,TELEFONO,ULTIMAFECHARESERVA) values ('8203340369','Cyb','padre de estudiante','cfreake3@wunderground.com','7474670541',to_date('15/03/23','DD/MM/RR'));
Insert into A_CLIENTE (IDENTIFICACION,NOMBRE,TIPOVINCULO,CORREOELECTRONICO,TELEFONO,ULTIMAFECHARESERVA) values ('4894723093','Milissent','profesor','mleele4@unblog.fr','1116983592',to_date('13/05/22','DD/MM/RR'));
Insert into A_CLIENTE (IDENTIFICACION,NOMBRE,TIPOVINCULO,CORREOELECTRONICO,TELEFONO,ULTIMAFECHARESERVA) values ('4973630446','Base','padre de estudiante','bskae5@freewebs.com','5821043607',to_date('13/04/22','DD/MM/RR'));
Insert into A_CLIENTE (IDENTIFICACION,NOMBRE,TIPOVINCULO,CORREOELECTRONICO,TELEFONO,ULTIMAFECHARESERVA) values ('8092557500','Cordy','padre de estudiante','cabelov6@ask.com','2189474556',to_date('31/05/22','DD/MM/RR'));
Insert into A_CLIENTE (IDENTIFICACION,NOMBRE,TIPOVINCULO,CORREOELECTRONICO,TELEFONO,ULTIMAFECHARESERVA) values ('7452834461','Janella','empleado','jaucock7@biglobe.ne.jp','8175402236',to_date('09/04/22','DD/MM/RR'));
Insert into A_CLIENTE (IDENTIFICACION,NOMBRE,TIPOVINCULO,CORREOELECTRONICO,TELEFONO,ULTIMAFECHARESERVA) values ('3116922284','Ashli','empleado','aomeara8@mlb.com','3598692016',to_date('07/09/22','DD/MM/RR'));
Insert into A_CLIENTE (IDENTIFICACION,NOMBRE,TIPOVINCULO,CORREOELECTRONICO,TELEFONO,ULTIMAFECHARESERVA) values ('3683966599','Raymond','egresado','rkochlin9@jiathis.com','3149966916',to_date('16/12/22','DD/MM/RR'));
Insert into A_CLIENTE (IDENTIFICACION,NOMBRE,TIPOVINCULO,CORREOELECTRONICO,TELEFONO,ULTIMAFECHARESERVA) values ('3641449502','Milo','empleado','mmclanachana@hud.gov','2641985630',to_date('07/07/22','DD/MM/RR'));
Insert into A_CLIENTE (IDENTIFICACION,NOMBRE,TIPOVINCULO,CORREOELECTRONICO,TELEFONO,ULTIMAFECHARESERVA) values ('2157032037','Zaneta','padre de estudiante','zgilfordb@vimeo.com','8888618741',to_date('27/07/22','DD/MM/RR'));
Insert into A_CLIENTE (IDENTIFICACION,NOMBRE,TIPOVINCULO,CORREOELECTRONICO,TELEFONO,ULTIMAFECHARESERVA) values ('9030849487','Leeanne','profesor','ldignamc@storify.com','2313678185',to_date('15/08/22','DD/MM/RR'));
Insert into A_CLIENTE (IDENTIFICACION,NOMBRE,TIPOVINCULO,CORREOELECTRONICO,TELEFONO,ULTIMAFECHARESERVA) values ('3916498851','Fredia','profesor','fsellackd@netvibes.com','4008326729',to_date('18/01/23','DD/MM/RR'));
Insert into A_CLIENTE (IDENTIFICACION,NOMBRE,TIPOVINCULO,CORREOELECTRONICO,TELEFONO,ULTIMAFECHARESERVA) values ('6161751666','Gibbie','egresado','gpayntere@diigo.com','3164886787',to_date('26/12/22','DD/MM/RR'));
Insert into A_CLIENTE (IDENTIFICACION,NOMBRE,TIPOVINCULO,CORREOELECTRONICO,TELEFONO,ULTIMAFECHARESERVA) values ('3974507922','Sadie','profesor','sgerleitf@prnewswire.com','1829446209',to_date('24/12/22','DD/MM/RR'));
Insert into A_CLIENTE (IDENTIFICACION,NOMBRE,TIPOVINCULO,CORREOELECTRONICO,TELEFONO,ULTIMAFECHARESERVA) values ('8684564898','Cathrine','padre de estudiante','cmccurlyeg@purevolume.com','4173286422',to_date('06/04/22','DD/MM/RR'));
Insert into A_CLIENTE (IDENTIFICACION,NOMBRE,TIPOVINCULO,CORREOELECTRONICO,TELEFONO,ULTIMAFECHARESERVA) values ('5019987344','Jenica','empleado','jnoddingsh@nyu.edu','5239903175',to_date('11/11/22','DD/MM/RR'));
Insert into A_CLIENTE (IDENTIFICACION,NOMBRE,TIPOVINCULO,CORREOELECTRONICO,TELEFONO,ULTIMAFECHARESERVA) values ('3485929182','Grove','egresado','ggorcei@biglobe.ne.jp','4881878830',to_date('07/09/22','DD/MM/RR'));
Insert into A_CLIENTE (IDENTIFICACION,NOMBRE,TIPOVINCULO,CORREOELECTRONICO,TELEFONO,ULTIMAFECHARESERVA) values ('2492559696','Andi','egresado','ahagstonej@mozilla.com','3107956747',to_date('23/02/23','DD/MM/RR'));
Insert into A_CLIENTE (IDENTIFICACION,NOMBRE,TIPOVINCULO,CORREOELECTRONICO,TELEFONO,ULTIMAFECHARESERVA) values ('4272106716','Micki','estudiante','mlaink@adobe.com','9068761588',to_date('09/08/22','DD/MM/RR'));
Insert into A_CLIENTE (IDENTIFICACION,NOMBRE,TIPOVINCULO,CORREOELECTRONICO,TELEFONO,ULTIMAFECHARESERVA) values ('0849300150','Lianna','profesor','lparnabyl@ucoz.ru','8083893740',to_date('03/12/22','DD/MM/RR'));
Insert into A_CLIENTE (IDENTIFICACION,NOMBRE,TIPOVINCULO,CORREOELECTRONICO,TELEFONO,ULTIMAFECHARESERVA) values ('6688849798','Danella','empleado','dmicheum@blogtalkradio.com','2809184394',to_date('25/11/22','DD/MM/RR'));
Insert into A_CLIENTE (IDENTIFICACION,NOMBRE,TIPOVINCULO,CORREOELECTRONICO,TELEFONO,ULTIMAFECHARESERVA) values ('5634972876','Fairfax','egresado','fhartigann@cocolog-nifty.com','2751938170',to_date('15/09/22','DD/MM/RR'));
Insert into A_CLIENTE (IDENTIFICACION,NOMBRE,TIPOVINCULO,CORREOELECTRONICO,TELEFONO,ULTIMAFECHARESERVA) values ('3338399863','Rorie','estudiante','rconnowo@washington.edu','5413020303',to_date('28/08/22','DD/MM/RR'));
Insert into A_CLIENTE (IDENTIFICACION,NOMBRE,TIPOVINCULO,CORREOELECTRONICO,TELEFONO,ULTIMAFECHARESERVA) values ('8625297838','Fidole','empleado','ffritschmannp@state.gov','7992710412',to_date('04/03/23','DD/MM/RR'));
Insert into A_CLIENTE (IDENTIFICACION,NOMBRE,TIPOVINCULO,CORREOELECTRONICO,TELEFONO,ULTIMAFECHARESERVA) values ('2160707147','Glenna','profesor','gkobuq@eepurl.com','9262393017',to_date('05/10/22','DD/MM/RR'));
Insert into A_CLIENTE (IDENTIFICACION,NOMBRE,TIPOVINCULO,CORREOELECTRONICO,TELEFONO,ULTIMAFECHARESERVA) values ('9153905903','Jannel','padre de estudiante','jartrickr@hc360.com','6708392383',to_date('07/10/22','DD/MM/RR'));
Insert into A_CLIENTE (IDENTIFICACION,NOMBRE,TIPOVINCULO,CORREOELECTRONICO,TELEFONO,ULTIMAFECHARESERVA) values ('1278128344','Tisha','empleado','thartes@eepurl.com','5317406214',to_date('01/03/23','DD/MM/RR'));
Insert into A_CLIENTE (IDENTIFICACION,NOMBRE,TIPOVINCULO,CORREOELECTRONICO,TELEFONO,ULTIMAFECHARESERVA) values ('0870838059','Ellene','estudiante','etivoliert@cnet.com','8921972846',to_date('19/08/22','DD/MM/RR'));
Insert into A_CLIENTE (IDENTIFICACION,NOMBRE,TIPOVINCULO,CORREOELECTRONICO,TELEFONO,ULTIMAFECHARESERVA) values ('4476715869','Susie','padre de estudiante','swinchu@macromedia.com','8656209520',to_date('18/08/22','DD/MM/RR'));
Insert into A_CLIENTE (IDENTIFICACION,NOMBRE,TIPOVINCULO,CORREOELECTRONICO,TELEFONO,ULTIMAFECHARESERVA) values ('3290994309','Coleen','padre de estudiante','cthresherv@deviantart.com','8191201645',to_date('11/03/23','DD/MM/RR'));
Insert into A_CLIENTE (IDENTIFICACION,NOMBRE,TIPOVINCULO,CORREOELECTRONICO,TELEFONO,ULTIMAFECHARESERVA) values ('7720754220','Derek','egresado','dcardellow@theguardian.com','4883978097',to_date('07/01/23','DD/MM/RR'));
Insert into A_CLIENTE (IDENTIFICACION,NOMBRE,TIPOVINCULO,CORREOELECTRONICO,TELEFONO,ULTIMAFECHARESERVA) values ('6440863444','Jim','padre de estudiante','jwontnerx@ftc.gov','1912435808',to_date('17/06/22','DD/MM/RR'));
Insert into A_CLIENTE (IDENTIFICACION,NOMBRE,TIPOVINCULO,CORREOELECTRONICO,TELEFONO,ULTIMAFECHARESERVA) values ('3826460278','Shadow','egresado','svedeneevy@imgur.com','3938053830',to_date('07/10/22','DD/MM/RR'));
Insert into A_CLIENTE (IDENTIFICACION,NOMBRE,TIPOVINCULO,CORREOELECTRONICO,TELEFONO,ULTIMAFECHARESERVA) values ('5713812758','Lilllie','padre de estudiante','lcamerelloz@goodreads.com','4952807168',to_date('03/04/22','DD/MM/RR'));
Insert into A_CLIENTE (IDENTIFICACION,NOMBRE,TIPOVINCULO,CORREOELECTRONICO,TELEFONO,ULTIMAFECHARESERVA) values ('3206180899','Tressa','egresado','trichel10@hibu.com','9353778973',to_date('26/03/23','DD/MM/RR'));
Insert into A_CLIENTE (IDENTIFICACION,NOMBRE,TIPOVINCULO,CORREOELECTRONICO,TELEFONO,ULTIMAFECHARESERVA) values ('6382111295','Earle','profesor','erubenchik11@wunderground.com','3165287152',to_date('27/10/22','DD/MM/RR'));
Insert into A_CLIENTE (IDENTIFICACION,NOMBRE,TIPOVINCULO,CORREOELECTRONICO,TELEFONO,ULTIMAFECHARESERVA) values ('4069420363','Bernete','padre de estudiante','bvaisey12@rakuten.co.jp','2032196495',to_date('19/09/22','DD/MM/RR'));
Insert into A_CLIENTE (IDENTIFICACION,NOMBRE,TIPOVINCULO,CORREOELECTRONICO,TELEFONO,ULTIMAFECHARESERVA) values ('4012941518','Moina','estudiante','mbiaggelli13@prnewswire.com','6267674221',to_date('23/06/22','DD/MM/RR'));
Insert into A_CLIENTE (IDENTIFICACION,NOMBRE,TIPOVINCULO,CORREOELECTRONICO,TELEFONO,ULTIMAFECHARESERVA) values ('3828381472','Aubert','padre de estudiante','apyvis14@yahoo.co.jp','3613784815',to_date('29/03/23','DD/MM/RR'));
Insert into A_CLIENTE (IDENTIFICACION,NOMBRE,TIPOVINCULO,CORREOELECTRONICO,TELEFONO,ULTIMAFECHARESERVA) values ('1934862681','Yoko','estudiante','ysanday15@forbes.com','3977206068',to_date('07/09/22','DD/MM/RR'));
Insert into A_CLIENTE (IDENTIFICACION,NOMBRE,TIPOVINCULO,CORREOELECTRONICO,TELEFONO,ULTIMAFECHARESERVA) values ('2104962307','Melisa','estudiante','msibborn16@tiny.cc','5064436325',to_date('20/01/23','DD/MM/RR'));
Insert into A_CLIENTE (IDENTIFICACION,NOMBRE,TIPOVINCULO,CORREOELECTRONICO,TELEFONO,ULTIMAFECHARESERVA) values ('9925401178','Kiri','empleado','kgrimley17@ebay.com','1075060979',to_date('27/11/22','DD/MM/RR'));
Insert into A_CLIENTE (IDENTIFICACION,NOMBRE,TIPOVINCULO,CORREOELECTRONICO,TELEFONO,ULTIMAFECHARESERVA) values ('0009354697','Viviyan','egresado','vkieran18@godaddy.com','7499127589',to_date('29/07/22','DD/MM/RR'));
Insert into A_CLIENTE (IDENTIFICACION,NOMBRE,TIPOVINCULO,CORREOELECTRONICO,TELEFONO,ULTIMAFECHARESERVA) values ('8571435111','Buddie','empleado','btitheridge19@topsy.com','3164469059',to_date('12/07/22','DD/MM/RR'));
Insert into A_CLIENTE (IDENTIFICACION,NOMBRE,TIPOVINCULO,CORREOELECTRONICO,TELEFONO,ULTIMAFECHARESERVA) values ('6068858529','Rosanna','egresado','rmair1a@yolasite.com','6322189300',to_date('06/05/22','DD/MM/RR'));
Insert into A_CLIENTE (IDENTIFICACION,NOMBRE,TIPOVINCULO,CORREOELECTRONICO,TELEFONO,ULTIMAFECHARESERVA) values ('4756563473','Mackenzie','padre de estudiante','mdriscoll1b@geocities.jp','9704708877',to_date('11/08/22','DD/MM/RR'));
Insert into A_CLIENTE (IDENTIFICACION,NOMBRE,TIPOVINCULO,CORREOELECTRONICO,TELEFONO,ULTIMAFECHARESERVA) values ('9285055109','Walker','profesor','wtreagust1c@squarespace.com','8914415578',to_date('20/05/22','DD/MM/RR'));
Insert into A_CLIENTE (IDENTIFICACION,NOMBRE,TIPOVINCULO,CORREOELECTRONICO,TELEFONO,ULTIMAFECHARESERVA) values ('4178370073','Brana','estudiante','bcromie1d@microsoft.com','6709044660',to_date('10/07/22','DD/MM/RR'));
Insert into A_CLIENTE (IDENTIFICACION,NOMBRE,TIPOVINCULO,CORREOELECTRONICO,TELEFONO,ULTIMAFECHARESERVA) values ('0001468111','Sidney','empleado','swhittle1e@ed.gov','5303485410',to_date('01/08/22','DD/MM/RR'));
Insert into A_CLIENTE (IDENTIFICACION,NOMBRE,TIPOVINCULO,CORREOELECTRONICO,TELEFONO,ULTIMAFECHARESERVA) values ('5213624294','Bridie','empleado','bcurwood1f@google.co.jp','9339468687',to_date('05/07/22','DD/MM/RR'));
Insert into A_CLIENTE (IDENTIFICACION,NOMBRE,TIPOVINCULO,CORREOELECTRONICO,TELEFONO,ULTIMAFECHARESERVA) values ('8563689126','Allie','estudiante','avinsen1g@hc360.com','1763582034',to_date('15/09/22','DD/MM/RR'));
Insert into A_CLIENTE (IDENTIFICACION,NOMBRE,TIPOVINCULO,CORREOELECTRONICO,TELEFONO,ULTIMAFECHARESERVA) values ('5000471830','Broddy','egresado','bscowcroft1h@tiny.cc','5255953760',to_date('16/02/23','DD/MM/RR'));
Insert into A_CLIENTE (IDENTIFICACION,NOMBRE,TIPOVINCULO,CORREOELECTRONICO,TELEFONO,ULTIMAFECHARESERVA) values ('3088962574','Marja','padre de estudiante','mcote1i@howstuffworks.com','7728101980',to_date('04/07/22','DD/MM/RR'));
Insert into A_CLIENTE (IDENTIFICACION,NOMBRE,TIPOVINCULO,CORREOELECTRONICO,TELEFONO,ULTIMAFECHARESERVA) values ('0081124821','Hilary','padre de estudiante','hfarguhar1j@chron.com','1149327107',to_date('25/11/22','DD/MM/RR'));
Insert into A_CLIENTE (IDENTIFICACION,NOMBRE,TIPOVINCULO,CORREOELECTRONICO,TELEFONO,ULTIMAFECHARESERVA) values ('8835674131','Berny','profesor','banthona1k@senate.gov','6137529585',to_date('26/07/22','DD/MM/RR'));
Insert into A_CLIENTE (IDENTIFICACION,NOMBRE,TIPOVINCULO,CORREOELECTRONICO,TELEFONO,ULTIMAFECHARESERVA) values ('3511754836','Puff','profesor','pwimlett1l@sciencedaily.com','5661212929',to_date('30/06/22','DD/MM/RR'));
Insert into A_CLIENTE (IDENTIFICACION,NOMBRE,TIPOVINCULO,CORREOELECTRONICO,TELEFONO,ULTIMAFECHARESERVA) values ('8475255817','Kamilah','padre de estudiante','kpiser1m@ox.ac.uk','6959849684',to_date('04/07/22','DD/MM/RR'));
Insert into A_CLIENTE (IDENTIFICACION,NOMBRE,TIPOVINCULO,CORREOELECTRONICO,TELEFONO,ULTIMAFECHARESERVA) values ('0291036392','Estell','profesor','ekonertz1n@tiny.cc','1244839559',to_date('10/11/22','DD/MM/RR'));
Insert into A_CLIENTE (IDENTIFICACION,NOMBRE,TIPOVINCULO,CORREOELECTRONICO,TELEFONO,ULTIMAFECHARESERVA) values ('8615977623','Drud','estudiante','dhegges1o@nature.com','1602035484',to_date('26/07/22','DD/MM/RR'));
Insert into A_CLIENTE (IDENTIFICACION,NOMBRE,TIPOVINCULO,CORREOELECTRONICO,TELEFONO,ULTIMAFECHARESERVA) values ('1861704356','Selig','egresado','svanhalle1p@upenn.edu','5511014427',to_date('28/01/23','DD/MM/RR'));
Insert into A_CLIENTE (IDENTIFICACION,NOMBRE,TIPOVINCULO,CORREOELECTRONICO,TELEFONO,ULTIMAFECHARESERVA) values ('0267304625','Aloin','profesor','ajanouch1q@rediff.com','1292261603',to_date('28/10/22','DD/MM/RR'));
Insert into A_CLIENTE (IDENTIFICACION,NOMBRE,TIPOVINCULO,CORREOELECTRONICO,TELEFONO,ULTIMAFECHARESERVA) values ('8778423597','Corliss','estudiante','cafield1r@globo.com','7687640454',to_date('27/02/23','DD/MM/RR'));
Insert into A_CLIENTE (IDENTIFICACION,NOMBRE,TIPOVINCULO,CORREOELECTRONICO,TELEFONO,ULTIMAFECHARESERVA) values ('3354494212','Brinn','egresado','bsang1s@cisco.com','4357614482',to_date('29/05/22','DD/MM/RR'));
Insert into A_CLIENTE (IDENTIFICACION,NOMBRE,TIPOVINCULO,CORREOELECTRONICO,TELEFONO,ULTIMAFECHARESERVA) values ('0012264296','Dunn','empleado','dingleston1t@trellian.com','2215883741',to_date('15/02/23','DD/MM/RR'));
Insert into A_CLIENTE (IDENTIFICACION,NOMBRE,TIPOVINCULO,CORREOELECTRONICO,TELEFONO,ULTIMAFECHARESERVA) values ('2807956181','Ewen','estudiante','eyankeev1u@toplist.cz','7667659718',to_date('05/02/23','DD/MM/RR'));
Insert into A_CLIENTE (IDENTIFICACION,NOMBRE,TIPOVINCULO,CORREOELECTRONICO,TELEFONO,ULTIMAFECHARESERVA) values ('7656841350','Arman','estudiante','akidstone1v@w3.org','9513706575',to_date('06/01/23','DD/MM/RR'));
Insert into A_CLIENTE (IDENTIFICACION,NOMBRE,TIPOVINCULO,CORREOELECTRONICO,TELEFONO,ULTIMAFECHARESERVA) values ('4567909062','Barry','egresado','bhodges1w@berkeley.edu','3555488754',to_date('12/11/22','DD/MM/RR'));
Insert into A_CLIENTE (IDENTIFICACION,NOMBRE,TIPOVINCULO,CORREOELECTRONICO,TELEFONO,ULTIMAFECHARESERVA) values ('5330365317','Eduino','estudiante','ecreek1x@typepad.com','7602973412',to_date('12/04/22','DD/MM/RR'));
Insert into A_CLIENTE (IDENTIFICACION,NOMBRE,TIPOVINCULO,CORREOELECTRONICO,TELEFONO,ULTIMAFECHARESERVA) values ('3749963754','Raffaello','estudiante','rtaberner1y@va.gov','3424797385',to_date('17/02/23','DD/MM/RR'));
Insert into A_CLIENTE (IDENTIFICACION,NOMBRE,TIPOVINCULO,CORREOELECTRONICO,TELEFONO,ULTIMAFECHARESERVA) values ('4281340653','Codi','estudiante','csidry1z@cmu.edu','2874167615',to_date('09/11/22','DD/MM/RR'));
Insert into A_CLIENTE (IDENTIFICACION,NOMBRE,TIPOVINCULO,CORREOELECTRONICO,TELEFONO,ULTIMAFECHARESERVA) values ('1428437681','Hartwell','egresado','hpadrick20@wikispaces.com','1626751392',to_date('01/07/22','DD/MM/RR'));
Insert into A_CLIENTE (IDENTIFICACION,NOMBRE,TIPOVINCULO,CORREOELECTRONICO,TELEFONO,ULTIMAFECHARESERVA) values ('2116925479','Wes','egresado','waldersey21@discovery.com','1377607502',to_date('30/12/22','DD/MM/RR'));
Insert into A_CLIENTE (IDENTIFICACION,NOMBRE,TIPOVINCULO,CORREOELECTRONICO,TELEFONO,ULTIMAFECHARESERVA) values ('0707035481','Merle','estudiante','mdevine22@bigcartel.com','2776891039',to_date('01/09/22','DD/MM/RR'));
Insert into A_CLIENTE (IDENTIFICACION,NOMBRE,TIPOVINCULO,CORREOELECTRONICO,TELEFONO,ULTIMAFECHARESERVA) values ('9413136629','Ezri','egresado','ehymans23@vkontakte.ru','8373141265',to_date('28/08/22','DD/MM/RR'));
Insert into A_CLIENTE (IDENTIFICACION,NOMBRE,TIPOVINCULO,CORREOELECTRONICO,TELEFONO,ULTIMAFECHARESERVA) values ('3630839940','Franny','padre de estudiante','fhatherill24@cafepress.com','9733879632',to_date('29/09/22','DD/MM/RR'));
Insert into A_CLIENTE (IDENTIFICACION,NOMBRE,TIPOVINCULO,CORREOELECTRONICO,TELEFONO,ULTIMAFECHARESERVA) values ('7064782367','Celia','egresado','cespinos25@bloglines.com','4137929651',to_date('27/09/22','DD/MM/RR'));
Insert into A_CLIENTE (IDENTIFICACION,NOMBRE,TIPOVINCULO,CORREOELECTRONICO,TELEFONO,ULTIMAFECHARESERVA) values ('0971719314','Dinah','empleado','dzanuciolii26@sbwire.com','6689659805',to_date('09/08/22','DD/MM/RR'));
Insert into A_CLIENTE (IDENTIFICACION,NOMBRE,TIPOVINCULO,CORREOELECTRONICO,TELEFONO,ULTIMAFECHARESERVA) values ('7669526599','Reiko','padre de estudiante','rpitsall27@google.cn','3625089555',to_date('15/04/22','DD/MM/RR'));
Insert into A_CLIENTE (IDENTIFICACION,NOMBRE,TIPOVINCULO,CORREOELECTRONICO,TELEFONO,ULTIMAFECHARESERVA) values ('9417011820','Hugibert','estudiante','hbatchelar28@blogger.com','2262174949',to_date('16/05/22','DD/MM/RR'));
Insert into A_CLIENTE (IDENTIFICACION,NOMBRE,TIPOVINCULO,CORREOELECTRONICO,TELEFONO,ULTIMAFECHARESERVA) values ('0754049949','Cathryn','profesor','cbeavors29@auda.org.au','4812964822',to_date('06/10/22','DD/MM/RR'));
Insert into A_CLIENTE (IDENTIFICACION,NOMBRE,TIPOVINCULO,CORREOELECTRONICO,TELEFONO,ULTIMAFECHARESERVA) values ('9956263540','Dreddy','padre de estudiante','dbarlas2a@jiathis.com','3855756421',to_date('05/08/22','DD/MM/RR'));
Insert into A_CLIENTE (IDENTIFICACION,NOMBRE,TIPOVINCULO,CORREOELECTRONICO,TELEFONO,ULTIMAFECHARESERVA) values ('9768942401','Rodolph','profesor','rsurmeyer2b@bravesites.com','9924117912',to_date('01/10/22','DD/MM/RR'));
Insert into A_CLIENTE (IDENTIFICACION,NOMBRE,TIPOVINCULO,CORREOELECTRONICO,TELEFONO,ULTIMAFECHARESERVA) values ('8682747251','Michel','empleado','mstonhewer2c@fastcompany.com','8085731531',to_date('13/03/23','DD/MM/RR'));
Insert into A_CLIENTE (IDENTIFICACION,NOMBRE,TIPOVINCULO,CORREOELECTRONICO,TELEFONO,ULTIMAFECHARESERVA) values ('3890733514','Rorie','estudiante','rgarnsworth2d@mashable.com','7724499147',to_date('01/07/22','DD/MM/RR'));
Insert into A_CLIENTE (IDENTIFICACION,NOMBRE,TIPOVINCULO,CORREOELECTRONICO,TELEFONO,ULTIMAFECHARESERVA) values ('0697385698','Bliss','empleado','bvasiliev2e@lulu.com','7805418023',to_date('21/02/23','DD/MM/RR'));
Insert into A_CLIENTE (IDENTIFICACION,NOMBRE,TIPOVINCULO,CORREOELECTRONICO,TELEFONO,ULTIMAFECHARESERVA) values ('9212114571','Thane','empleado','ttrenfield2f@utexas.edu','3181844141',to_date('26/07/22','DD/MM/RR'));
Insert into A_CLIENTE (IDENTIFICACION,NOMBRE,TIPOVINCULO,CORREOELECTRONICO,TELEFONO,ULTIMAFECHARESERVA) values ('5070925008','Deva','padre de estudiante','dhamflett2g@si.edu','6281554874',to_date('09/05/22','DD/MM/RR'));
Insert into A_CLIENTE (IDENTIFICACION,NOMBRE,TIPOVINCULO,CORREOELECTRONICO,TELEFONO,ULTIMAFECHARESERVA) values ('9363180603','Bendicty','empleado','bmoir2h@tiny.cc','5923771763',to_date('19/01/23','DD/MM/RR'));
Insert into A_CLIENTE (IDENTIFICACION,NOMBRE,TIPOVINCULO,CORREOELECTRONICO,TELEFONO,ULTIMAFECHARESERVA) values ('0515129445','Ignace','padre de estudiante','ifaircley2i@friendfeed.com','3821213407',to_date('15/11/22','DD/MM/RR'));
Insert into A_CLIENTE (IDENTIFICACION,NOMBRE,TIPOVINCULO,CORREOELECTRONICO,TELEFONO,ULTIMAFECHARESERVA) values ('7826964016','Rasia','padre de estudiante','rannakin2j@hhs.gov','9892477292',to_date('30/06/22','DD/MM/RR'));
Insert into A_CLIENTE (IDENTIFICACION,NOMBRE,TIPOVINCULO,CORREOELECTRONICO,TELEFONO,ULTIMAFECHARESERVA) values ('7819432314','Leanora','profesor','lgodlee2k@opensource.org','3714479531',to_date('03/05/22','DD/MM/RR'));
Insert into A_CLIENTE (IDENTIFICACION,NOMBRE,TIPOVINCULO,CORREOELECTRONICO,TELEFONO,ULTIMAFECHARESERVA) values ('5675233237','Robina','profesor','rfarrens2l@fastcompany.com','8048373539',to_date('12/05/22','DD/MM/RR'));
Insert into A_CLIENTE (IDENTIFICACION,NOMBRE,TIPOVINCULO,CORREOELECTRONICO,TELEFONO,ULTIMAFECHARESERVA) values ('1570726094','Dorene','empleado','dhubball2m@themeforest.net','8465745502',to_date('01/05/22','DD/MM/RR'));
Insert into A_CLIENTE (IDENTIFICACION,NOMBRE,TIPOVINCULO,CORREOELECTRONICO,TELEFONO,ULTIMAFECHARESERVA) values ('4711853987','Estell','estudiante','enorth2n@sbwire.com','5217990568',to_date('19/02/23','DD/MM/RR'));
Insert into A_CLIENTE (IDENTIFICACION,NOMBRE,TIPOVINCULO,CORREOELECTRONICO,TELEFONO,ULTIMAFECHARESERVA) values ('5697911025','Alexandros','padre de estudiante','akissick2o@bbc.co.uk','4121854757',to_date('01/05/22','DD/MM/RR'));
Insert into A_CLIENTE (IDENTIFICACION,NOMBRE,TIPOVINCULO,CORREOELECTRONICO,TELEFONO,ULTIMAFECHARESERVA) values ('9313344653','Farrah','egresado','fgairdner2p@mlb.com','9771395075',to_date('30/10/22','DD/MM/RR'));
Insert into A_CLIENTE (IDENTIFICACION,NOMBRE,TIPOVINCULO,CORREOELECTRONICO,TELEFONO,ULTIMAFECHARESERVA) values ('9797813428','Jaquith','egresado','jleveritt2q@linkedin.com','5158082794',to_date('11/11/22','DD/MM/RR'));
Insert into A_CLIENTE (IDENTIFICACION,NOMBRE,TIPOVINCULO,CORREOELECTRONICO,TELEFONO,ULTIMAFECHARESERVA) values ('5438635420','Hiram','empleado','heborall2r@nyu.edu','1579959169',to_date('03/12/22','DD/MM/RR'));

--Servicio

Insert into A_SERVICIO (ID,TIPO) values ('1','salaEsparcimiento');
Insert into A_SERVICIO (ID,TIPO) values ('2','tvCable');
Insert into A_SERVICIO (ID,TIPO) values ('3','gimnasio');
Insert into A_SERVICIO (ID,TIPO) values ('4','salaEstudio');
Insert into A_SERVICIO (ID,TIPO) values ('5','wifi');
Insert into A_SERVICIO (ID,TIPO) values ('6','baniera');
Insert into A_SERVICIO (ID,TIPO) values ('7','sala');
Insert into A_SERVICIO (ID,TIPO) values ('8','yacuzzi');
Insert into A_SERVICIO (ID,TIPO) values ('9','menaje');
Insert into A_SERVICIO (ID,TIPO) values ('10','luz');
Insert into A_SERVICIO (ID,TIPO) values ('11','telefono');
Insert into A_SERVICIO (ID,TIPO) values ('12','cocina');
Insert into A_SERVICIO (ID,TIPO) values ('13','agua');

--OperadorUsuario

Insert into A_OPERADORUSUARIO (IDENTIFICACION,NOMBRE,TIPOVINCULO,CORREOELECTRONICO,TELEFONO) values ('5137022071','Natalya','empleado','nbalog0@nydailynews.com','3127864315');
Insert into A_OPERADORUSUARIO (IDENTIFICACION,NOMBRE,TIPOVINCULO,CORREOELECTRONICO,TELEFONO) values ('1422351823','Bevvy','empleado','bguyers1@homestead.com','8954114224');
Insert into A_OPERADORUSUARIO (IDENTIFICACION,NOMBRE,TIPOVINCULO,CORREOELECTRONICO,TELEFONO) values ('9703633749','Babbette','padre de estudiante','bschultz2@opensource.org','4758573883');
Insert into A_OPERADORUSUARIO (IDENTIFICACION,NOMBRE,TIPOVINCULO,CORREOELECTRONICO,TELEFONO) values ('8680760102','Henryetta','padre de estudiante','htaynton3@hatena.ne.jp','8676285240');
Insert into A_OPERADORUSUARIO (IDENTIFICACION,NOMBRE,TIPOVINCULO,CORREOELECTRONICO,TELEFONO) values ('0595097227','Fair','egresado','fraubheim4@statcounter.com','8184894642');
Insert into A_OPERADORUSUARIO (IDENTIFICACION,NOMBRE,TIPOVINCULO,CORREOELECTRONICO,TELEFONO) values ('7641753973','Hildegarde','padre de estudiante','hminnock5@a8.net','5932835638');
Insert into A_OPERADORUSUARIO (IDENTIFICACION,NOMBRE,TIPOVINCULO,CORREOELECTRONICO,TELEFONO) values ('0791278484','Malvina','padre de estudiante','mtilberry6@engadget.com','3063852330');
Insert into A_OPERADORUSUARIO (IDENTIFICACION,NOMBRE,TIPOVINCULO,CORREOELECTRONICO,TELEFONO) values ('2103103971','Ame','egresado','ablease7@fc2.com','3871767591');
Insert into A_OPERADORUSUARIO (IDENTIFICACION,NOMBRE,TIPOVINCULO,CORREOELECTRONICO,TELEFONO) values ('4086981157','Collen','estudiante','cpitcock8@etsy.com','6556151766');
Insert into A_OPERADORUSUARIO (IDENTIFICACION,NOMBRE,TIPOVINCULO,CORREOELECTRONICO,TELEFONO) values ('8226175593','Moshe','profesor','mlambertazzi9@usa.gov','4856970218');
Insert into A_OPERADORUSUARIO (IDENTIFICACION,NOMBRE,TIPOVINCULO,CORREOELECTRONICO,TELEFONO) values ('9087911440','Melina','egresado','mullocka@surveymonkey.com','2296035331');
Insert into A_OPERADORUSUARIO (IDENTIFICACION,NOMBRE,TIPOVINCULO,CORREOELECTRONICO,TELEFONO) values ('7334022718','Paquito','estudiante','pwardhoughb@privacy.gov.au','5835232119');
Insert into A_OPERADORUSUARIO (IDENTIFICACION,NOMBRE,TIPOVINCULO,CORREOELECTRONICO,TELEFONO) values ('7148760453','Sibyl','profesor','sdegregorioc@narod.ru','5335137564');
Insert into A_OPERADORUSUARIO (IDENTIFICACION,NOMBRE,TIPOVINCULO,CORREOELECTRONICO,TELEFONO) values ('4741278506','Gianna','egresado','gjoriozd@nps.gov','3423133672');
Insert into A_OPERADORUSUARIO (IDENTIFICACION,NOMBRE,TIPOVINCULO,CORREOELECTRONICO,TELEFONO) values ('7239228606','Pascale','egresado','pcretneye@baidu.com','6591038228');
Insert into A_OPERADORUSUARIO (IDENTIFICACION,NOMBRE,TIPOVINCULO,CORREOELECTRONICO,TELEFONO) values ('0304750905','Alyson','externo','asellsf@ca.gov','2401827971');
Insert into A_OPERADORUSUARIO (IDENTIFICACION,NOMBRE,TIPOVINCULO,CORREOELECTRONICO,TELEFONO) values ('8182402506','Jud','estudiante','jesmondg@storify.com','3285007770');
Insert into A_OPERADORUSUARIO (IDENTIFICACION,NOMBRE,TIPOVINCULO,CORREOELECTRONICO,TELEFONO) values ('6153252079','Zebadiah','externo','zbertheh@engadget.com','7673778507');
Insert into A_OPERADORUSUARIO (IDENTIFICACION,NOMBRE,TIPOVINCULO,CORREOELECTRONICO,TELEFONO) values ('2739761791','Esteban','empleado','ebowyeri@woothemes.com','2435671620');
Insert into A_OPERADORUSUARIO (IDENTIFICACION,NOMBRE,TIPOVINCULO,CORREOELECTRONICO,TELEFONO) values ('2633114679','Sayer','profesor','sibbotsonj@vimeo.com','5055072869');
Insert into A_OPERADORUSUARIO (IDENTIFICACION,NOMBRE,TIPOVINCULO,CORREOELECTRONICO,TELEFONO) values ('7084067043','Lars','empleado','lorrok@tmall.com','2967920783');
Insert into A_OPERADORUSUARIO (IDENTIFICACION,NOMBRE,TIPOVINCULO,CORREOELECTRONICO,TELEFONO) values ('1042239797','Lolly','egresado','lladbrookl@foxnews.com','8003471910');
Insert into A_OPERADORUSUARIO (IDENTIFICACION,NOMBRE,TIPOVINCULO,CORREOELECTRONICO,TELEFONO) values ('0399903259','Mark','egresado','mmacallisterm@statcounter.com','2567168988');
Insert into A_OPERADORUSUARIO (IDENTIFICACION,NOMBRE,TIPOVINCULO,CORREOELECTRONICO,TELEFONO) values ('9053326960','Nickolas','empleado','nlarcieren@i2i.jp','4733625838');
Insert into A_OPERADORUSUARIO (IDENTIFICACION,NOMBRE,TIPOVINCULO,CORREOELECTRONICO,TELEFONO) values ('4173970730','Fulvia','padre de estudiante','frayneo@newsvine.com','8232719579');
Insert into A_OPERADORUSUARIO (IDENTIFICACION,NOMBRE,TIPOVINCULO,CORREOELECTRONICO,TELEFONO) values ('9347227552','Gilles','estudiante','gbrainp@japanpost.jp','7894553955');
Insert into A_OPERADORUSUARIO (IDENTIFICACION,NOMBRE,TIPOVINCULO,CORREOELECTRONICO,TELEFONO) values ('1188397303','Andromache','estudiante','amoodeyq@boston.com','6022521837');
Insert into A_OPERADORUSUARIO (IDENTIFICACION,NOMBRE,TIPOVINCULO,CORREOELECTRONICO,TELEFONO) values ('8415081146','Emlyn','padre de estudiante','ebustr@nifty.com','4053099241');
Insert into A_OPERADORUSUARIO (IDENTIFICACION,NOMBRE,TIPOVINCULO,CORREOELECTRONICO,TELEFONO) values ('8072485512','Jonis','empleado','jgheorghes@hostgator.com','2788463135');
Insert into A_OPERADORUSUARIO (IDENTIFICACION,NOMBRE,TIPOVINCULO,CORREOELECTRONICO,TELEFONO) values ('6014672796','Devan','estudiante','ddyerst@vimeo.com','3166218390');
Insert into A_OPERADORUSUARIO (IDENTIFICACION,NOMBRE,TIPOVINCULO,CORREOELECTRONICO,TELEFONO) values ('9109776028','Valenka','padre de estudiante','voleszczaku@shutterfly.com','7002078082');
Insert into A_OPERADORUSUARIO (IDENTIFICACION,NOMBRE,TIPOVINCULO,CORREOELECTRONICO,TELEFONO) values ('6711737199','Jemima','profesor','jmuffv@chron.com','4756796092');
Insert into A_OPERADORUSUARIO (IDENTIFICACION,NOMBRE,TIPOVINCULO,CORREOELECTRONICO,TELEFONO) values ('5603642505','Babbette','externo','baddlestonew@nasa.gov','4428363339');
Insert into A_OPERADORUSUARIO (IDENTIFICACION,NOMBRE,TIPOVINCULO,CORREOELECTRONICO,TELEFONO) values ('7779035840','Mitchel','profesor','mcogglesx@loc.gov','8211814984');
Insert into A_OPERADORUSUARIO (IDENTIFICACION,NOMBRE,TIPOVINCULO,CORREOELECTRONICO,TELEFONO) values ('3790548030','Ravi','profesor','rpedgrifty@ft.com','8749532054');
Insert into A_OPERADORUSUARIO (IDENTIFICACION,NOMBRE,TIPOVINCULO,CORREOELECTRONICO,TELEFONO) values ('0873862953','Coreen','empleado','clinzeez@studiopress.com','1812038110');
Insert into A_OPERADORUSUARIO (IDENTIFICACION,NOMBRE,TIPOVINCULO,CORREOELECTRONICO,TELEFONO) values ('0405785348','Langsdon','estudiante','ljahndel10@pen.io','8508702618');
Insert into A_OPERADORUSUARIO (IDENTIFICACION,NOMBRE,TIPOVINCULO,CORREOELECTRONICO,TELEFONO) values ('2285691343','Merline','egresado','mmarshal11@economist.com','9579800059');
Insert into A_OPERADORUSUARIO (IDENTIFICACION,NOMBRE,TIPOVINCULO,CORREOELECTRONICO,TELEFONO) values ('3575709726','Lem','padre de estudiante','lmackey12@artisteer.com','1722476747');
Insert into A_OPERADORUSUARIO (IDENTIFICACION,NOMBRE,TIPOVINCULO,CORREOELECTRONICO,TELEFONO) values ('2790749817','Rodrique','externo','rorrocks13@whitehouse.gov','2095457219');
Insert into A_OPERADORUSUARIO (IDENTIFICACION,NOMBRE,TIPOVINCULO,CORREOELECTRONICO,TELEFONO) values ('3521603245','Gwenni','padre de estudiante','ggrassick14@yandex.ru','2191466075');
Insert into A_OPERADORUSUARIO (IDENTIFICACION,NOMBRE,TIPOVINCULO,CORREOELECTRONICO,TELEFONO) values ('4584455759','Denys','empleado','drenackowna15@disqus.com','8672710810');

--Hotel

Insert into A_HOTEL (REGCOMERCIO,NIT,NOMBRE,RESTAURANTE,PARQUEADERO,PISCINA) values ('9422181','139270435','Kunde Inc','N','N','N');
Insert into A_HOTEL (REGCOMERCIO,NIT,NOMBRE,RESTAURANTE,PARQUEADERO,PISCINA) values ('9564522','124946783','Gottlieb-Schaden','N','N','N');
Insert into A_HOTEL (REGCOMERCIO,NIT,NOMBRE,RESTAURANTE,PARQUEADERO,PISCINA) values ('9521102','189556885','Bayer-Feil','N','N','N');
Insert into A_HOTEL (REGCOMERCIO,NIT,NOMBRE,RESTAURANTE,PARQUEADERO,PISCINA) values ('9719607','130482879','Huels Group','N','N','N');

--HabitacionHotel

Insert into A_HABITACIONHOTEL (ID,TIPOHABITACION,TAMANIO,IDHOTEL) values ('1','suite','grande','9422181');
Insert into A_HABITACIONHOTEL (ID,TIPOHABITACION,TAMANIO,IDHOTEL) values ('2','estandar','grande','9564522');
Insert into A_HABITACIONHOTEL (ID,TIPOHABITACION,TAMANIO,IDHOTEL) values ('3','suite','grande','9521102');
Insert into A_HABITACIONHOTEL (ID,TIPOHABITACION,TAMANIO,IDHOTEL) values ('4','suite','grande','9719607');
Insert into A_HABITACIONHOTEL (ID,TIPOHABITACION,TAMANIO,IDHOTEL) values ('5','suite','grande','9422181');
Insert into A_HABITACIONHOTEL (ID,TIPOHABITACION,TAMANIO,IDHOTEL) values ('6','suite','grande','9564522');
Insert into A_HABITACIONHOTEL (ID,TIPOHABITACION,TAMANIO,IDHOTEL) values ('7','estandar','grande','9521102');
Insert into A_HABITACIONHOTEL (ID,TIPOHABITACION,TAMANIO,IDHOTEL) values ('8','estandar','grande','9719607');
Insert into A_HABITACIONHOTEL (ID,TIPOHABITACION,TAMANIO,IDHOTEL) values ('9','suite','grande','9422181');
Insert into A_HABITACIONHOTEL (ID,TIPOHABITACION,TAMANIO,IDHOTEL) values ('10','suite','grande','9564522');
Insert into A_HABITACIONHOTEL (ID,TIPOHABITACION,TAMANIO,IDHOTEL) values ('11','semisuite','grande','9521102');
Insert into A_HABITACIONHOTEL (ID,TIPOHABITACION,TAMANIO,IDHOTEL) values ('12','suite','grande','9719607');
Insert into A_HABITACIONHOTEL (ID,TIPOHABITACION,TAMANIO,IDHOTEL) values ('13','estandar','grande','9422181');
Insert into A_HABITACIONHOTEL (ID,TIPOHABITACION,TAMANIO,IDHOTEL) values ('14','semisuite','grande','9564522');
Insert into A_HABITACIONHOTEL (ID,TIPOHABITACION,TAMANIO,IDHOTEL) values ('15','suite','grande','9521102');
Insert into A_HABITACIONHOTEL (ID,TIPOHABITACION,TAMANIO,IDHOTEL) values ('16','estandar','grande','9719607');
Insert into A_HABITACIONHOTEL (ID,TIPOHABITACION,TAMANIO,IDHOTEL) values ('17','semisuite','grande','9422181');
Insert into A_HABITACIONHOTEL (ID,TIPOHABITACION,TAMANIO,IDHOTEL) values ('18','suite','grande','9564522');
Insert into A_HABITACIONHOTEL (ID,TIPOHABITACION,TAMANIO,IDHOTEL) values ('19','suite','grande','9521102');
Insert into A_HABITACIONHOTEL (ID,TIPOHABITACION,TAMANIO,IDHOTEL) values ('20','estandar','grande','9719607');

--Hostal

Insert into A_HOSTAL (REGCOMERCIO,NIT,NOMBRE,HORAAPERTURARECEPCION,HORACIERRERECEPCION) values ('92568559','172323329','Wolf Group','7:41 AM','4:55 PM');
Insert into A_HOSTAL (REGCOMERCIO,NIT,NOMBRE,HORAAPERTURARECEPCION,HORACIERRERECEPCION) values ('95487455','113712945','Greenfelder, Vandervort and Hamill','4:54 PM','2:46 PM');
Insert into A_HOSTAL (REGCOMERCIO,NIT,NOMBRE,HORAAPERTURARECEPCION,HORACIERRERECEPCION) values ('91522119','143679179','Rutherford-Koelpin','9:23 AM','3:14 PM');
Insert into A_HOSTAL (REGCOMERCIO,NIT,NOMBRE,HORAAPERTURARECEPCION,HORACIERRERECEPCION) values ('92736270','128602786','Kulas-O''Reilly','3:21 PM','5:05 PM');

--HabitacionHostal

Insert into A_HABITACIONHOSTAL (ID,AFORO,IDHOSTAL) values ('21','2','92568559');
Insert into A_HABITACIONHOSTAL (ID,AFORO,IDHOSTAL) values ('22','5','95487455');
Insert into A_HABITACIONHOSTAL (ID,AFORO,IDHOSTAL) values ('23','2','91522119');
Insert into A_HABITACIONHOSTAL (ID,AFORO,IDHOSTAL) values ('24','3','92736270');
Insert into A_HABITACIONHOSTAL (ID,AFORO,IDHOSTAL) values ('25','2','92568559');
Insert into A_HABITACIONHOSTAL (ID,AFORO,IDHOSTAL) values ('26','3','95487455');
Insert into A_HABITACIONHOSTAL (ID,AFORO,IDHOSTAL) values ('27','1','91522119');
Insert into A_HABITACIONHOSTAL (ID,AFORO,IDHOSTAL) values ('28','2','92736270');
Insert into A_HABITACIONHOSTAL (ID,AFORO,IDHOSTAL) values ('29','4','92568559');
Insert into A_HABITACIONHOSTAL (ID,AFORO,IDHOSTAL) values ('30','1','95487455');
Insert into A_HABITACIONHOSTAL (ID,AFORO,IDHOSTAL) values ('31','5','91522119');
Insert into A_HABITACIONHOSTAL (ID,AFORO,IDHOSTAL) values ('32','5','92736270');
Insert into A_HABITACIONHOSTAL (ID,AFORO,IDHOSTAL) values ('33','1','92568559');
Insert into A_HABITACIONHOSTAL (ID,AFORO,IDHOSTAL) values ('34','5','95487455');
Insert into A_HABITACIONHOSTAL (ID,AFORO,IDHOSTAL) values ('35','4','91522119');
Insert into A_HABITACIONHOSTAL (ID,AFORO,IDHOSTAL) values ('36','3','92736270');
Insert into A_HABITACIONHOSTAL (ID,AFORO,IDHOSTAL) values ('37','1','92568559');
Insert into A_HABITACIONHOSTAL (ID,AFORO,IDHOSTAL) values ('38','5','95487455');
Insert into A_HABITACIONHOSTAL (ID,AFORO,IDHOSTAL) values ('39','5','91522119');
Insert into A_HABITACIONHOSTAL (ID,AFORO,IDHOSTAL) values ('40','3','92736270');

--ViviendaUniversitaria

Insert into A_VIVIENDAUNIVERSITARIA (REGCOMERCIO,NIT,NOMBRE,PRECIOSALAESTUDIO,PRECIOSALAESPARCIMIENTO,PRECIOGIMNASIO,RESTAURANTE) values ('4263120809','7923670846','Albrecht','51','52','86','N');
Insert into A_VIVIENDAUNIVERSITARIA (REGCOMERCIO,NIT,NOMBRE,PRECIOSALAESTUDIO,PRECIOSALAESPARCIMIENTO,PRECIOGIMNASIO,RESTAURANTE) values ('1273868986','1517095077','Minette','10','74','19','Y');
Insert into A_VIVIENDAUNIVERSITARIA (REGCOMERCIO,NIT,NOMBRE,PRECIOSALAESTUDIO,PRECIOSALAESPARCIMIENTO,PRECIOGIMNASIO,RESTAURANTE) values ('1959031023','2272922104','Pierce','65','39','89','Y');

--HabitacionViviendaUniversitaria

Insert into A_HABITACIONVIVIENDAUNIVERSITARIA (ID,TIPOHABITACION,CAPACIDAD,IDVIVIENDAUNIVERSITARIA) values ('41','individual','2','4263120809');
Insert into A_HABITACIONVIVIENDAUNIVERSITARIA (ID,TIPOHABITACION,CAPACIDAD,IDVIVIENDAUNIVERSITARIA) values ('42','compartido','3','1273868986');
Insert into A_HABITACIONVIVIENDAUNIVERSITARIA (ID,TIPOHABITACION,CAPACIDAD,IDVIVIENDAUNIVERSITARIA) values ('43','compartido','7','1959031023');
Insert into A_HABITACIONVIVIENDAUNIVERSITARIA (ID,TIPOHABITACION,CAPACIDAD,IDVIVIENDAUNIVERSITARIA) values ('44','individual','10','4263120809');
Insert into A_HABITACIONVIVIENDAUNIVERSITARIA (ID,TIPOHABITACION,CAPACIDAD,IDVIVIENDAUNIVERSITARIA) values ('45','compartido','10','1273868986');
Insert into A_HABITACIONVIVIENDAUNIVERSITARIA (ID,TIPOHABITACION,CAPACIDAD,IDVIVIENDAUNIVERSITARIA) values ('46','compartido','8','1959031023');
Insert into A_HABITACIONVIVIENDAUNIVERSITARIA (ID,TIPOHABITACION,CAPACIDAD,IDVIVIENDAUNIVERSITARIA) values ('47','compartido','2','4263120809');
Insert into A_HABITACIONVIVIENDAUNIVERSITARIA (ID,TIPOHABITACION,CAPACIDAD,IDVIVIENDAUNIVERSITARIA) values ('48','compartido','2','1273868986');
Insert into A_HABITACIONVIVIENDAUNIVERSITARIA (ID,TIPOHABITACION,CAPACIDAD,IDVIVIENDAUNIVERSITARIA) values ('49','individual','9','1959031023');
Insert into A_HABITACIONVIVIENDAUNIVERSITARIA (ID,TIPOHABITACION,CAPACIDAD,IDVIVIENDAUNIVERSITARIA) values ('50','compartido','8','4263120809');
Insert into A_HABITACIONVIVIENDAUNIVERSITARIA (ID,TIPOHABITACION,CAPACIDAD,IDVIVIENDAUNIVERSITARIA) values ('51','individual','8','1273868986');
Insert into A_HABITACIONVIVIENDAUNIVERSITARIA (ID,TIPOHABITACION,CAPACIDAD,IDVIVIENDAUNIVERSITARIA) values ('52','compartido','9','1959031023');
Insert into A_HABITACIONVIVIENDAUNIVERSITARIA (ID,TIPOHABITACION,CAPACIDAD,IDVIVIENDAUNIVERSITARIA) values ('53','individual','1','4263120809');
Insert into A_HABITACIONVIVIENDAUNIVERSITARIA (ID,TIPOHABITACION,CAPACIDAD,IDVIVIENDAUNIVERSITARIA) values ('54','compartido','1','1273868986');
Insert into A_HABITACIONVIVIENDAUNIVERSITARIA (ID,TIPOHABITACION,CAPACIDAD,IDVIVIENDAUNIVERSITARIA) values ('55','compartido','1','1959031023');
Insert into A_HABITACIONVIVIENDAUNIVERSITARIA (ID,TIPOHABITACION,CAPACIDAD,IDVIVIENDAUNIVERSITARIA) values ('56','individual','7','4263120809');
Insert into A_HABITACIONVIVIENDAUNIVERSITARIA (ID,TIPOHABITACION,CAPACIDAD,IDVIVIENDAUNIVERSITARIA) values ('57','compartido','8','1273868986');
Insert into A_HABITACIONVIVIENDAUNIVERSITARIA (ID,TIPOHABITACION,CAPACIDAD,IDVIVIENDAUNIVERSITARIA) values ('58','individual','5','1959031023');

--ViviendaTemporal

Insert into A_VIVIENDATEMPORAL (IDALOJAMIENTO,NUMEROHABITACIONES,PRECIOSEGUROARRENDAMIENTO,CARACTSEGURO,DIASALQUILADO,IDENTIFICACIONOPERADORUSUARIO) values ('91','3','200','donec','19','8072485512');
Insert into A_VIVIENDATEMPORAL (IDALOJAMIENTO,NUMEROHABITACIONES,PRECIOSEGUROARRENDAMIENTO,CARACTSEGURO,DIASALQUILADO,IDENTIFICACIONOPERADORUSUARIO) values ('92','3','504','donec','10','5137022071');
Insert into A_VIVIENDATEMPORAL (IDALOJAMIENTO,NUMEROHABITACIONES,PRECIOSEGUROARRENDAMIENTO,CARACTSEGURO,DIASALQUILADO,IDENTIFICACIONOPERADORUSUARIO) values ('93','4','332','quisque','27','3521603245');
Insert into A_VIVIENDATEMPORAL (IDALOJAMIENTO,NUMEROHABITACIONES,PRECIOSEGUROARRENDAMIENTO,CARACTSEGURO,DIASALQUILADO,IDENTIFICACIONOPERADORUSUARIO) values ('94','8','749','posuere','17','0304750905');
Insert into A_VIVIENDATEMPORAL (IDALOJAMIENTO,NUMEROHABITACIONES,PRECIOSEGUROARRENDAMIENTO,CARACTSEGURO,DIASALQUILADO,IDENTIFICACIONOPERADORUSUARIO) values ('95','7','647','quam','14','7779035840');
Insert into A_VIVIENDATEMPORAL (IDALOJAMIENTO,NUMEROHABITACIONES,PRECIOSEGUROARRENDAMIENTO,CARACTSEGURO,DIASALQUILADO,IDENTIFICACIONOPERADORUSUARIO) values ('96','5','524','ultrices','19','2103103971');
Insert into A_VIVIENDATEMPORAL (IDALOJAMIENTO,NUMEROHABITACIONES,PRECIOSEGUROARRENDAMIENTO,CARACTSEGURO,DIASALQUILADO,IDENTIFICACIONOPERADORUSUARIO) values ('97','2','522','orci','1','5603642505');
Insert into A_VIVIENDATEMPORAL (IDALOJAMIENTO,NUMEROHABITACIONES,PRECIOSEGUROARRENDAMIENTO,CARACTSEGURO,DIASALQUILADO,IDENTIFICACIONOPERADORUSUARIO) values ('98','10','331','sapien','19','9053326960');
Insert into A_VIVIENDATEMPORAL (IDALOJAMIENTO,NUMEROHABITACIONES,PRECIOSEGUROARRENDAMIENTO,CARACTSEGURO,DIASALQUILADO,IDENTIFICACIONOPERADORUSUARIO) values ('99','6','997','cras','1','8226175593');
Insert into A_VIVIENDATEMPORAL (IDALOJAMIENTO,NUMEROHABITACIONES,PRECIOSEGUROARRENDAMIENTO,CARACTSEGURO,DIASALQUILADO,IDENTIFICACIONOPERADORUSUARIO) values ('100','1','771','sed','16','9347227552');

--HabitacioHuesped

Insert into A_HABITACIONHUESPED (IDALOJAMIENTO,COMIDAS,TIPOBANIO,TIPOHABITACION,DTOMESEXTRA,IDENTIFICACIONOPERADORUSUARIO) values ('75','7','privado','compartido','1','9109776028');
Insert into A_HABITACIONHUESPED (IDALOJAMIENTO,COMIDAS,TIPOBANIO,TIPOHABITACION,DTOMESEXTRA,IDENTIFICACIONOPERADORUSUARIO) values ('76','1','privado','compartido','5','8226175593');
Insert into A_HABITACIONHUESPED (IDALOJAMIENTO,COMIDAS,TIPOBANIO,TIPOHABITACION,DTOMESEXTRA,IDENTIFICACIONOPERADORUSUARIO) values ('77','3','privado','compartido','4','2285691343');
Insert into A_HABITACIONHUESPED (IDALOJAMIENTO,COMIDAS,TIPOBANIO,TIPOHABITACION,DTOMESEXTRA,IDENTIFICACIONOPERADORUSUARIO) values ('78','7','compartido','compartido','5','3521603245');
Insert into A_HABITACIONHUESPED (IDALOJAMIENTO,COMIDAS,TIPOBANIO,TIPOHABITACION,DTOMESEXTRA,IDENTIFICACIONOPERADORUSUARIO) values ('79','7','compartido','individual','5','8680760102');
Insert into A_HABITACIONHUESPED (IDALOJAMIENTO,COMIDAS,TIPOBANIO,TIPOHABITACION,DTOMESEXTRA,IDENTIFICACIONOPERADORUSUARIO) values ('80','8','compartido','individual','1','2739761791');
Insert into A_HABITACIONHUESPED (IDALOJAMIENTO,COMIDAS,TIPOBANIO,TIPOHABITACION,DTOMESEXTRA,IDENTIFICACIONOPERADORUSUARIO) values ('81','4','privado','individual','2','9087911440');
Insert into A_HABITACIONHUESPED (IDALOJAMIENTO,COMIDAS,TIPOBANIO,TIPOHABITACION,DTOMESEXTRA,IDENTIFICACIONOPERADORUSUARIO) values ('82','7','compartido','compartido','2','2633114679');
Insert into A_HABITACIONHUESPED (IDALOJAMIENTO,COMIDAS,TIPOBANIO,TIPOHABITACION,DTOMESEXTRA,IDENTIFICACIONOPERADORUSUARIO) values ('83','7','compartido','individual','2','9703633749');
Insert into A_HABITACIONHUESPED (IDALOJAMIENTO,COMIDAS,TIPOBANIO,TIPOHABITACION,DTOMESEXTRA,IDENTIFICACIONOPERADORUSUARIO) values ('84','5','privado','individual','5','2285691343');
Insert into A_HABITACIONHUESPED (IDALOJAMIENTO,COMIDAS,TIPOBANIO,TIPOHABITACION,DTOMESEXTRA,IDENTIFICACIONOPERADORUSUARIO) values ('85','2','compartido','individual','2','1422351823');
Insert into A_HABITACIONHUESPED (IDALOJAMIENTO,COMIDAS,TIPOBANIO,TIPOHABITACION,DTOMESEXTRA,IDENTIFICACIONOPERADORUSUARIO) values ('86','10','privado','compartido','1','7641753973');
Insert into A_HABITACIONHUESPED (IDALOJAMIENTO,COMIDAS,TIPOBANIO,TIPOHABITACION,DTOMESEXTRA,IDENTIFICACIONOPERADORUSUARIO) values ('87','1','privado','compartido','2','8226175593');
Insert into A_HABITACIONHUESPED (IDALOJAMIENTO,COMIDAS,TIPOBANIO,TIPOHABITACION,DTOMESEXTRA,IDENTIFICACIONOPERADORUSUARIO) values ('88','1','privado','individual','1','8415081146');
Insert into A_HABITACIONHUESPED (IDALOJAMIENTO,COMIDAS,TIPOBANIO,TIPOHABITACION,DTOMESEXTRA,IDENTIFICACIONOPERADORUSUARIO) values ('89','5','privado','individual','3','8182402506');
Insert into A_HABITACIONHUESPED (IDALOJAMIENTO,COMIDAS,TIPOBANIO,TIPOHABITACION,DTOMESEXTRA,IDENTIFICACIONOPERADORUSUARIO) values ('90','2','compartido','compartido','3','4584455759');

--ApartamentoAlquiler

Insert into A_APARTAMENTOALQUILER (IDALOJAMIENTO,SERVPUBLICO,ADMINISTRACION,IDENTIFICACIONOPERADORUSUARIO) values ('59','N','N','5137022071');
Insert into A_APARTAMENTOALQUILER (IDALOJAMIENTO,SERVPUBLICO,ADMINISTRACION,IDENTIFICACIONOPERADORUSUARIO) values ('60','N','N','1422351823');
Insert into A_APARTAMENTOALQUILER (IDALOJAMIENTO,SERVPUBLICO,ADMINISTRACION,IDENTIFICACIONOPERADORUSUARIO) values ('61','N','Y','9703633749');
Insert into A_APARTAMENTOALQUILER (IDALOJAMIENTO,SERVPUBLICO,ADMINISTRACION,IDENTIFICACIONOPERADORUSUARIO) values ('62','N','Y','8680760102');
Insert into A_APARTAMENTOALQUILER (IDALOJAMIENTO,SERVPUBLICO,ADMINISTRACION,IDENTIFICACIONOPERADORUSUARIO) values ('63','Y','Y','0595097227');
Insert into A_APARTAMENTOALQUILER (IDALOJAMIENTO,SERVPUBLICO,ADMINISTRACION,IDENTIFICACIONOPERADORUSUARIO) values ('64','N','N','7641753973');
Insert into A_APARTAMENTOALQUILER (IDALOJAMIENTO,SERVPUBLICO,ADMINISTRACION,IDENTIFICACIONOPERADORUSUARIO) values ('65','Y','N','0791278484');
Insert into A_APARTAMENTOALQUILER (IDALOJAMIENTO,SERVPUBLICO,ADMINISTRACION,IDENTIFICACIONOPERADORUSUARIO) values ('66','N','Y','2103103971');
Insert into A_APARTAMENTOALQUILER (IDALOJAMIENTO,SERVPUBLICO,ADMINISTRACION,IDENTIFICACIONOPERADORUSUARIO) values ('67','Y','N','4086981157');
Insert into A_APARTAMENTOALQUILER (IDALOJAMIENTO,SERVPUBLICO,ADMINISTRACION,IDENTIFICACIONOPERADORUSUARIO) values ('68','N','Y','8226175593');
Insert into A_APARTAMENTOALQUILER (IDALOJAMIENTO,SERVPUBLICO,ADMINISTRACION,IDENTIFICACIONOPERADORUSUARIO) values ('69','Y','Y','9087911440');
Insert into A_APARTAMENTOALQUILER (IDALOJAMIENTO,SERVPUBLICO,ADMINISTRACION,IDENTIFICACIONOPERADORUSUARIO) values ('70','N','N','7334022718');
Insert into A_APARTAMENTOALQUILER (IDALOJAMIENTO,SERVPUBLICO,ADMINISTRACION,IDENTIFICACIONOPERADORUSUARIO) values ('71','N','N','7148760453');
Insert into A_APARTAMENTOALQUILER (IDALOJAMIENTO,SERVPUBLICO,ADMINISTRACION,IDENTIFICACIONOPERADORUSUARIO) values ('72','N','N','4741278506');
Insert into A_APARTAMENTOALQUILER (IDALOJAMIENTO,SERVPUBLICO,ADMINISTRACION,IDENTIFICACIONOPERADORUSUARIO) values ('73','N','N','7239228606');
Insert into A_APARTAMENTOALQUILER (IDALOJAMIENTO,SERVPUBLICO,ADMINISTRACION,IDENTIFICACIONOPERADORUSUARIO) values ('74','N','N','0304750905');

--AlojamientoServicio

Insert into A_ALOJAMIENTOSERVICIO (IDALOJAMIENTO,IDSERVICIO,COSTO) values ('1','1','881');
Insert into A_ALOJAMIENTOSERVICIO (IDALOJAMIENTO,IDSERVICIO,COSTO) values ('2','2','329');
Insert into A_ALOJAMIENTOSERVICIO (IDALOJAMIENTO,IDSERVICIO,COSTO) values ('3','3','434');
Insert into A_ALOJAMIENTOSERVICIO (IDALOJAMIENTO,IDSERVICIO,COSTO) values ('4','4','996');
Insert into A_ALOJAMIENTOSERVICIO (IDALOJAMIENTO,IDSERVICIO,COSTO) values ('5','5','618');
Insert into A_ALOJAMIENTOSERVICIO (IDALOJAMIENTO,IDSERVICIO,COSTO) values ('6','6','519');
Insert into A_ALOJAMIENTOSERVICIO (IDALOJAMIENTO,IDSERVICIO,COSTO) values ('7','7','540');
Insert into A_ALOJAMIENTOSERVICIO (IDALOJAMIENTO,IDSERVICIO,COSTO) values ('8','8','289');
Insert into A_ALOJAMIENTOSERVICIO (IDALOJAMIENTO,IDSERVICIO,COSTO) values ('9','9','232');
Insert into A_ALOJAMIENTOSERVICIO (IDALOJAMIENTO,IDSERVICIO,COSTO) values ('10','10','721');
Insert into A_ALOJAMIENTOSERVICIO (IDALOJAMIENTO,IDSERVICIO,COSTO) values ('11','11','772');
Insert into A_ALOJAMIENTOSERVICIO (IDALOJAMIENTO,IDSERVICIO,COSTO) values ('12','12','951');
Insert into A_ALOJAMIENTOSERVICIO (IDALOJAMIENTO,IDSERVICIO,COSTO) values ('13','13','151');
Insert into A_ALOJAMIENTOSERVICIO (IDALOJAMIENTO,IDSERVICIO,COSTO) values ('14','1','977');
Insert into A_ALOJAMIENTOSERVICIO (IDALOJAMIENTO,IDSERVICIO,COSTO) values ('15','2','400');
Insert into A_ALOJAMIENTOSERVICIO (IDALOJAMIENTO,IDSERVICIO,COSTO) values ('16','3','829');
Insert into A_ALOJAMIENTOSERVICIO (IDALOJAMIENTO,IDSERVICIO,COSTO) values ('17','4','721');
Insert into A_ALOJAMIENTOSERVICIO (IDALOJAMIENTO,IDSERVICIO,COSTO) values ('18','5','404');
Insert into A_ALOJAMIENTOSERVICIO (IDALOJAMIENTO,IDSERVICIO,COSTO) values ('19','6','346');
Insert into A_ALOJAMIENTOSERVICIO (IDALOJAMIENTO,IDSERVICIO,COSTO) values ('20','7','117');
Insert into A_ALOJAMIENTOSERVICIO (IDALOJAMIENTO,IDSERVICIO,COSTO) values ('21','8','646');
Insert into A_ALOJAMIENTOSERVICIO (IDALOJAMIENTO,IDSERVICIO,COSTO) values ('22','9','486');
Insert into A_ALOJAMIENTOSERVICIO (IDALOJAMIENTO,IDSERVICIO,COSTO) values ('23','10','762');
Insert into A_ALOJAMIENTOSERVICIO (IDALOJAMIENTO,IDSERVICIO,COSTO) values ('24','11','963');
Insert into A_ALOJAMIENTOSERVICIO (IDALOJAMIENTO,IDSERVICIO,COSTO) values ('25','12','476');
Insert into A_ALOJAMIENTOSERVICIO (IDALOJAMIENTO,IDSERVICIO,COSTO) values ('26','13','731');
Insert into A_ALOJAMIENTOSERVICIO (IDALOJAMIENTO,IDSERVICIO,COSTO) values ('27','1','163');
Insert into A_ALOJAMIENTOSERVICIO (IDALOJAMIENTO,IDSERVICIO,COSTO) values ('28','2','518');
Insert into A_ALOJAMIENTOSERVICIO (IDALOJAMIENTO,IDSERVICIO,COSTO) values ('29','3','607');
Insert into A_ALOJAMIENTOSERVICIO (IDALOJAMIENTO,IDSERVICIO,COSTO) values ('30','4','573');
Insert into A_ALOJAMIENTOSERVICIO (IDALOJAMIENTO,IDSERVICIO,COSTO) values ('31','5','517');
Insert into A_ALOJAMIENTOSERVICIO (IDALOJAMIENTO,IDSERVICIO,COSTO) values ('32','6','708');
Insert into A_ALOJAMIENTOSERVICIO (IDALOJAMIENTO,IDSERVICIO,COSTO) values ('33','7','237');
Insert into A_ALOJAMIENTOSERVICIO (IDALOJAMIENTO,IDSERVICIO,COSTO) values ('34','8','867');
Insert into A_ALOJAMIENTOSERVICIO (IDALOJAMIENTO,IDSERVICIO,COSTO) values ('35','9','889');
Insert into A_ALOJAMIENTOSERVICIO (IDALOJAMIENTO,IDSERVICIO,COSTO) values ('36','10','159');
Insert into A_ALOJAMIENTOSERVICIO (IDALOJAMIENTO,IDSERVICIO,COSTO) values ('37','11','661');
Insert into A_ALOJAMIENTOSERVICIO (IDALOJAMIENTO,IDSERVICIO,COSTO) values ('38','12','507');
Insert into A_ALOJAMIENTOSERVICIO (IDALOJAMIENTO,IDSERVICIO,COSTO) values ('39','13','298');
Insert into A_ALOJAMIENTOSERVICIO (IDALOJAMIENTO,IDSERVICIO,COSTO) values ('40','1','907');
Insert into A_ALOJAMIENTOSERVICIO (IDALOJAMIENTO,IDSERVICIO,COSTO) values ('41','2','922');
Insert into A_ALOJAMIENTOSERVICIO (IDALOJAMIENTO,IDSERVICIO,COSTO) values ('42','3','557');
Insert into A_ALOJAMIENTOSERVICIO (IDALOJAMIENTO,IDSERVICIO,COSTO) values ('43','4','676');
Insert into A_ALOJAMIENTOSERVICIO (IDALOJAMIENTO,IDSERVICIO,COSTO) values ('44','5','323');
Insert into A_ALOJAMIENTOSERVICIO (IDALOJAMIENTO,IDSERVICIO,COSTO) values ('45','6','994');
Insert into A_ALOJAMIENTOSERVICIO (IDALOJAMIENTO,IDSERVICIO,COSTO) values ('46','7','235');
Insert into A_ALOJAMIENTOSERVICIO (IDALOJAMIENTO,IDSERVICIO,COSTO) values ('47','8','290');
Insert into A_ALOJAMIENTOSERVICIO (IDALOJAMIENTO,IDSERVICIO,COSTO) values ('48','9','230');
Insert into A_ALOJAMIENTOSERVICIO (IDALOJAMIENTO,IDSERVICIO,COSTO) values ('49','10','902');
Insert into A_ALOJAMIENTOSERVICIO (IDALOJAMIENTO,IDSERVICIO,COSTO) values ('50','11','789');
Insert into A_ALOJAMIENTOSERVICIO (IDALOJAMIENTO,IDSERVICIO,COSTO) values ('51','12','554');
Insert into A_ALOJAMIENTOSERVICIO (IDALOJAMIENTO,IDSERVICIO,COSTO) values ('52','13','970');
Insert into A_ALOJAMIENTOSERVICIO (IDALOJAMIENTO,IDSERVICIO,COSTO) values ('53','1','426');
Insert into A_ALOJAMIENTOSERVICIO (IDALOJAMIENTO,IDSERVICIO,COSTO) values ('54','2','156');
Insert into A_ALOJAMIENTOSERVICIO (IDALOJAMIENTO,IDSERVICIO,COSTO) values ('55','3','784');
Insert into A_ALOJAMIENTOSERVICIO (IDALOJAMIENTO,IDSERVICIO,COSTO) values ('56','4','420');
Insert into A_ALOJAMIENTOSERVICIO (IDALOJAMIENTO,IDSERVICIO,COSTO) values ('57','5','759');
Insert into A_ALOJAMIENTOSERVICIO (IDALOJAMIENTO,IDSERVICIO,COSTO) values ('58','6','608');
Insert into A_ALOJAMIENTOSERVICIO (IDALOJAMIENTO,IDSERVICIO,COSTO) values ('59','7','132');
Insert into A_ALOJAMIENTOSERVICIO (IDALOJAMIENTO,IDSERVICIO,COSTO) values ('60','8','878');
Insert into A_ALOJAMIENTOSERVICIO (IDALOJAMIENTO,IDSERVICIO,COSTO) values ('61','9','534');
Insert into A_ALOJAMIENTOSERVICIO (IDALOJAMIENTO,IDSERVICIO,COSTO) values ('62','10','728');
Insert into A_ALOJAMIENTOSERVICIO (IDALOJAMIENTO,IDSERVICIO,COSTO) values ('63','11','950');
Insert into A_ALOJAMIENTOSERVICIO (IDALOJAMIENTO,IDSERVICIO,COSTO) values ('64','12','290');
Insert into A_ALOJAMIENTOSERVICIO (IDALOJAMIENTO,IDSERVICIO,COSTO) values ('65','13','529');
Insert into A_ALOJAMIENTOSERVICIO (IDALOJAMIENTO,IDSERVICIO,COSTO) values ('66','1','662');
Insert into A_ALOJAMIENTOSERVICIO (IDALOJAMIENTO,IDSERVICIO,COSTO) values ('67','2','288');
Insert into A_ALOJAMIENTOSERVICIO (IDALOJAMIENTO,IDSERVICIO,COSTO) values ('68','3','535');
Insert into A_ALOJAMIENTOSERVICIO (IDALOJAMIENTO,IDSERVICIO,COSTO) values ('69','4','454');
Insert into A_ALOJAMIENTOSERVICIO (IDALOJAMIENTO,IDSERVICIO,COSTO) values ('70','5','208');
Insert into A_ALOJAMIENTOSERVICIO (IDALOJAMIENTO,IDSERVICIO,COSTO) values ('71','6','535');
Insert into A_ALOJAMIENTOSERVICIO (IDALOJAMIENTO,IDSERVICIO,COSTO) values ('72','7','133');
Insert into A_ALOJAMIENTOSERVICIO (IDALOJAMIENTO,IDSERVICIO,COSTO) values ('73','8','874');
Insert into A_ALOJAMIENTOSERVICIO (IDALOJAMIENTO,IDSERVICIO,COSTO) values ('74','9','178');
Insert into A_ALOJAMIENTOSERVICIO (IDALOJAMIENTO,IDSERVICIO,COSTO) values ('75','10','148');
Insert into A_ALOJAMIENTOSERVICIO (IDALOJAMIENTO,IDSERVICIO,COSTO) values ('76','11','282');
Insert into A_ALOJAMIENTOSERVICIO (IDALOJAMIENTO,IDSERVICIO,COSTO) values ('77','12','962');
Insert into A_ALOJAMIENTOSERVICIO (IDALOJAMIENTO,IDSERVICIO,COSTO) values ('78','13','931');
Insert into A_ALOJAMIENTOSERVICIO (IDALOJAMIENTO,IDSERVICIO,COSTO) values ('79','1','977');
Insert into A_ALOJAMIENTOSERVICIO (IDALOJAMIENTO,IDSERVICIO,COSTO) values ('80','2','793');
Insert into A_ALOJAMIENTOSERVICIO (IDALOJAMIENTO,IDSERVICIO,COSTO) values ('81','3','181');
Insert into A_ALOJAMIENTOSERVICIO (IDALOJAMIENTO,IDSERVICIO,COSTO) values ('82','4','418');
Insert into A_ALOJAMIENTOSERVICIO (IDALOJAMIENTO,IDSERVICIO,COSTO) values ('83','5','269');
Insert into A_ALOJAMIENTOSERVICIO (IDALOJAMIENTO,IDSERVICIO,COSTO) values ('84','6','346');
Insert into A_ALOJAMIENTOSERVICIO (IDALOJAMIENTO,IDSERVICIO,COSTO) values ('85','7','134');
Insert into A_ALOJAMIENTOSERVICIO (IDALOJAMIENTO,IDSERVICIO,COSTO) values ('86','8','964');
Insert into A_ALOJAMIENTOSERVICIO (IDALOJAMIENTO,IDSERVICIO,COSTO) values ('87','9','946');
Insert into A_ALOJAMIENTOSERVICIO (IDALOJAMIENTO,IDSERVICIO,COSTO) values ('88','10','702');
Insert into A_ALOJAMIENTOSERVICIO (IDALOJAMIENTO,IDSERVICIO,COSTO) values ('89','11','561');
Insert into A_ALOJAMIENTOSERVICIO (IDALOJAMIENTO,IDSERVICIO,COSTO) values ('90','12','687');
Insert into A_ALOJAMIENTOSERVICIO (IDALOJAMIENTO,IDSERVICIO,COSTO) values ('91','13','984');
Insert into A_ALOJAMIENTOSERVICIO (IDALOJAMIENTO,IDSERVICIO,COSTO) values ('92','1','217');
Insert into A_ALOJAMIENTOSERVICIO (IDALOJAMIENTO,IDSERVICIO,COSTO) values ('93','2','757');
Insert into A_ALOJAMIENTOSERVICIO (IDALOJAMIENTO,IDSERVICIO,COSTO) values ('94','3','175');
Insert into A_ALOJAMIENTOSERVICIO (IDALOJAMIENTO,IDSERVICIO,COSTO) values ('95','4','109');
Insert into A_ALOJAMIENTOSERVICIO (IDALOJAMIENTO,IDSERVICIO,COSTO) values ('96','5','669');
Insert into A_ALOJAMIENTOSERVICIO (IDALOJAMIENTO,IDSERVICIO,COSTO) values ('97','6','453');
Insert into A_ALOJAMIENTOSERVICIO (IDALOJAMIENTO,IDSERVICIO,COSTO) values ('98','7','140');
Insert into A_ALOJAMIENTOSERVICIO (IDALOJAMIENTO,IDSERVICIO,COSTO) values ('99','8','346');
Insert into A_ALOJAMIENTOSERVICIO (IDALOJAMIENTO,IDSERVICIO,COSTO) values ('100','9','824');

--Reserva

Insert into A_RESERVA (ID,FECHAINI,FECHAFIN,IDENTIFICACIONCLIENTE,IDALOJAMIENTO) values ('1',to_date('12/01/23','DD/MM/RR'),to_date('12/06/23','DD/MM/RR'),'0402842626','1');
Insert into A_RESERVA (ID,FECHAINI,FECHAFIN,IDENTIFICACIONCLIENTE,IDALOJAMIENTO) values ('2',to_date('20/02/23','DD/MM/RR'),to_date('05/08/23','DD/MM/RR'),'1453890033','2');
Insert into A_RESERVA (ID,FECHAINI,FECHAFIN,IDENTIFICACIONCLIENTE,IDALOJAMIENTO) values ('3',to_date('15/02/23','DD/MM/RR'),to_date('30/06/23','DD/MM/RR'),'5132111122','3');
Insert into A_RESERVA (ID,FECHAINI,FECHAFIN,IDENTIFICACIONCLIENTE,IDALOJAMIENTO) values ('4',to_date('09/02/23','DD/MM/RR'),to_date('30/12/23','DD/MM/RR'),'8203340369','4');
Insert into A_RESERVA (ID,FECHAINI,FECHAFIN,IDENTIFICACIONCLIENTE,IDALOJAMIENTO) values ('5',to_date('20/03/23','DD/MM/RR'),to_date('03/07/23','DD/MM/RR'),'4894723093','5');
Insert into A_RESERVA (ID,FECHAINI,FECHAFIN,IDENTIFICACIONCLIENTE,IDALOJAMIENTO) values ('6',to_date('26/02/23','DD/MM/RR'),to_date('02/08/23','DD/MM/RR'),'4973630446','6');
Insert into A_RESERVA (ID,FECHAINI,FECHAFIN,IDENTIFICACIONCLIENTE,IDALOJAMIENTO) values ('7',to_date('28/01/23','DD/MM/RR'),to_date('09/10/23','DD/MM/RR'),'8092557500','7');
Insert into A_RESERVA (ID,FECHAINI,FECHAFIN,IDENTIFICACIONCLIENTE,IDALOJAMIENTO) values ('8',to_date('03/02/23','DD/MM/RR'),to_date('20/12/23','DD/MM/RR'),'7452834461','8');
Insert into A_RESERVA (ID,FECHAINI,FECHAFIN,IDENTIFICACIONCLIENTE,IDALOJAMIENTO) values ('9',to_date('16/02/23','DD/MM/RR'),to_date('22/07/23','DD/MM/RR'),'3116922284','9');
Insert into A_RESERVA (ID,FECHAINI,FECHAFIN,IDENTIFICACIONCLIENTE,IDALOJAMIENTO) values ('10',to_date('27/02/23','DD/MM/RR'),to_date('29/09/23','DD/MM/RR'),'3683966599','10');
Insert into A_RESERVA (ID,FECHAINI,FECHAFIN,IDENTIFICACIONCLIENTE,IDALOJAMIENTO) values ('11',to_date('17/01/23','DD/MM/RR'),to_date('18/07/23','DD/MM/RR'),'3641449502','11');
Insert into A_RESERVA (ID,FECHAINI,FECHAFIN,IDENTIFICACIONCLIENTE,IDALOJAMIENTO) values ('12',to_date('09/01/23','DD/MM/RR'),to_date('21/07/23','DD/MM/RR'),'2157032037','12');
Insert into A_RESERVA (ID,FECHAINI,FECHAFIN,IDENTIFICACIONCLIENTE,IDALOJAMIENTO) values ('13',to_date('07/01/23','DD/MM/RR'),to_date('29/05/23','DD/MM/RR'),'9030849487','13');
Insert into A_RESERVA (ID,FECHAINI,FECHAFIN,IDENTIFICACIONCLIENTE,IDALOJAMIENTO) values ('14',to_date('15/02/23','DD/MM/RR'),to_date('23/07/23','DD/MM/RR'),'3916498851','14');
Insert into A_RESERVA (ID,FECHAINI,FECHAFIN,IDENTIFICACIONCLIENTE,IDALOJAMIENTO) values ('15',to_date('06/03/23','DD/MM/RR'),to_date('04/07/23','DD/MM/RR'),'6161751666','15');
Insert into A_RESERVA (ID,FECHAINI,FECHAFIN,IDENTIFICACIONCLIENTE,IDALOJAMIENTO) values ('16',to_date('09/03/23','DD/MM/RR'),to_date('30/05/23','DD/MM/RR'),'3974507922','16');
Insert into A_RESERVA (ID,FECHAINI,FECHAFIN,IDENTIFICACIONCLIENTE,IDALOJAMIENTO) values ('17',to_date('10/01/23','DD/MM/RR'),to_date('25/06/23','DD/MM/RR'),'8684564898','17');
Insert into A_RESERVA (ID,FECHAINI,FECHAFIN,IDENTIFICACIONCLIENTE,IDALOJAMIENTO) values ('18',to_date('21/03/23','DD/MM/RR'),to_date('08/12/23','DD/MM/RR'),'5019987344','18');
Insert into A_RESERVA (ID,FECHAINI,FECHAFIN,IDENTIFICACIONCLIENTE,IDALOJAMIENTO) values ('19',to_date('15/03/23','DD/MM/RR'),to_date('11/06/23','DD/MM/RR'),'3485929182','19');
Insert into A_RESERVA (ID,FECHAINI,FECHAFIN,IDENTIFICACIONCLIENTE,IDALOJAMIENTO) values ('20',to_date('26/02/23','DD/MM/RR'),to_date('19/12/23','DD/MM/RR'),'2492559696','20');
Insert into A_RESERVA (ID,FECHAINI,FECHAFIN,IDENTIFICACIONCLIENTE,IDALOJAMIENTO) values ('21',to_date('17/02/23','DD/MM/RR'),to_date('31/07/23','DD/MM/RR'),'4272106716','21');
Insert into A_RESERVA (ID,FECHAINI,FECHAFIN,IDENTIFICACIONCLIENTE,IDALOJAMIENTO) values ('22',to_date('21/01/23','DD/MM/RR'),to_date('10/11/23','DD/MM/RR'),'0849300150','22');
Insert into A_RESERVA (ID,FECHAINI,FECHAFIN,IDENTIFICACIONCLIENTE,IDALOJAMIENTO) values ('23',to_date('09/02/23','DD/MM/RR'),to_date('22/07/23','DD/MM/RR'),'6688849798','23');
Insert into A_RESERVA (ID,FECHAINI,FECHAFIN,IDENTIFICACIONCLIENTE,IDALOJAMIENTO) values ('24',to_date('31/01/23','DD/MM/RR'),to_date('28/09/23','DD/MM/RR'),'5634972876','24');
Insert into A_RESERVA (ID,FECHAINI,FECHAFIN,IDENTIFICACIONCLIENTE,IDALOJAMIENTO) values ('25',to_date('24/02/23','DD/MM/RR'),to_date('03/08/23','DD/MM/RR'),'3338399863','25');
Insert into A_RESERVA (ID,FECHAINI,FECHAFIN,IDENTIFICACIONCLIENTE,IDALOJAMIENTO) values ('26',to_date('19/02/23','DD/MM/RR'),to_date('23/10/23','DD/MM/RR'),'8625297838','26');
Insert into A_RESERVA (ID,FECHAINI,FECHAFIN,IDENTIFICACIONCLIENTE,IDALOJAMIENTO) values ('27',to_date('02/03/23','DD/MM/RR'),to_date('02/10/23','DD/MM/RR'),'2160707147','27');
Insert into A_RESERVA (ID,FECHAINI,FECHAFIN,IDENTIFICACIONCLIENTE,IDALOJAMIENTO) values ('28',to_date('10/01/23','DD/MM/RR'),to_date('21/05/23','DD/MM/RR'),'9153905903','28');
Insert into A_RESERVA (ID,FECHAINI,FECHAFIN,IDENTIFICACIONCLIENTE,IDALOJAMIENTO) values ('29',to_date('13/03/23','DD/MM/RR'),to_date('07/05/23','DD/MM/RR'),'1278128344','29');
Insert into A_RESERVA (ID,FECHAINI,FECHAFIN,IDENTIFICACIONCLIENTE,IDALOJAMIENTO) values ('30',to_date('07/03/23','DD/MM/RR'),to_date('26/07/23','DD/MM/RR'),'0870838059','30');
Insert into A_RESERVA (ID,FECHAINI,FECHAFIN,IDENTIFICACIONCLIENTE,IDALOJAMIENTO) values ('31',to_date('08/02/23','DD/MM/RR'),to_date('25/07/23','DD/MM/RR'),'4476715869','31');
Insert into A_RESERVA (ID,FECHAINI,FECHAFIN,IDENTIFICACIONCLIENTE,IDALOJAMIENTO) values ('32',to_date('30/03/23','DD/MM/RR'),to_date('29/07/23','DD/MM/RR'),'3290994309','32');
Insert into A_RESERVA (ID,FECHAINI,FECHAFIN,IDENTIFICACIONCLIENTE,IDALOJAMIENTO) values ('33',to_date('13/03/23','DD/MM/RR'),to_date('27/09/23','DD/MM/RR'),'7720754220','33');
Insert into A_RESERVA (ID,FECHAINI,FECHAFIN,IDENTIFICACIONCLIENTE,IDALOJAMIENTO) values ('34',to_date('12/02/23','DD/MM/RR'),to_date('19/07/23','DD/MM/RR'),'6440863444','34');
Insert into A_RESERVA (ID,FECHAINI,FECHAFIN,IDENTIFICACIONCLIENTE,IDALOJAMIENTO) values ('35',to_date('04/01/23','DD/MM/RR'),to_date('12/05/23','DD/MM/RR'),'3826460278','35');
Insert into A_RESERVA (ID,FECHAINI,FECHAFIN,IDENTIFICACIONCLIENTE,IDALOJAMIENTO) values ('36',to_date('09/01/23','DD/MM/RR'),to_date('29/11/23','DD/MM/RR'),'5713812758','36');
Insert into A_RESERVA (ID,FECHAINI,FECHAFIN,IDENTIFICACIONCLIENTE,IDALOJAMIENTO) values ('37',to_date('28/03/23','DD/MM/RR'),to_date('10/09/23','DD/MM/RR'),'3206180899','37');
Insert into A_RESERVA (ID,FECHAINI,FECHAFIN,IDENTIFICACIONCLIENTE,IDALOJAMIENTO) values ('38',to_date('18/01/23','DD/MM/RR'),to_date('12/07/23','DD/MM/RR'),'6382111295','38');
Insert into A_RESERVA (ID,FECHAINI,FECHAFIN,IDENTIFICACIONCLIENTE,IDALOJAMIENTO) values ('39',to_date('10/02/23','DD/MM/RR'),to_date('17/11/23','DD/MM/RR'),'4069420363','39');
Insert into A_RESERVA (ID,FECHAINI,FECHAFIN,IDENTIFICACIONCLIENTE,IDALOJAMIENTO) values ('40',to_date('15/03/23','DD/MM/RR'),to_date('22/07/23','DD/MM/RR'),'4012941518','40');
Insert into A_RESERVA (ID,FECHAINI,FECHAFIN,IDENTIFICACIONCLIENTE,IDALOJAMIENTO) values ('41',to_date('07/01/23','DD/MM/RR'),to_date('03/07/23','DD/MM/RR'),'3828381472','41');
Insert into A_RESERVA (ID,FECHAINI,FECHAFIN,IDENTIFICACIONCLIENTE,IDALOJAMIENTO) values ('42',to_date('02/02/23','DD/MM/RR'),to_date('02/09/23','DD/MM/RR'),'1934862681','42');
Insert into A_RESERVA (ID,FECHAINI,FECHAFIN,IDENTIFICACIONCLIENTE,IDALOJAMIENTO) values ('43',to_date('09/03/23','DD/MM/RR'),to_date('25/11/23','DD/MM/RR'),'2104962307','43');
Insert into A_RESERVA (ID,FECHAINI,FECHAFIN,IDENTIFICACIONCLIENTE,IDALOJAMIENTO) values ('44',to_date('21/03/23','DD/MM/RR'),to_date('07/10/23','DD/MM/RR'),'9925401178','44');
Insert into A_RESERVA (ID,FECHAINI,FECHAFIN,IDENTIFICACIONCLIENTE,IDALOJAMIENTO) values ('45',to_date('25/01/23','DD/MM/RR'),to_date('06/10/23','DD/MM/RR'),'0009354697','45');
Insert into A_RESERVA (ID,FECHAINI,FECHAFIN,IDENTIFICACIONCLIENTE,IDALOJAMIENTO) values ('46',to_date('24/03/23','DD/MM/RR'),to_date('22/09/23','DD/MM/RR'),'8571435111','46');
Insert into A_RESERVA (ID,FECHAINI,FECHAFIN,IDENTIFICACIONCLIENTE,IDALOJAMIENTO) values ('47',to_date('27/02/23','DD/MM/RR'),to_date('05/05/23','DD/MM/RR'),'6068858529','47');
Insert into A_RESERVA (ID,FECHAINI,FECHAFIN,IDENTIFICACIONCLIENTE,IDALOJAMIENTO) values ('48',to_date('12/02/23','DD/MM/RR'),to_date('03/06/23','DD/MM/RR'),'4756563473','48');
Insert into A_RESERVA (ID,FECHAINI,FECHAFIN,IDENTIFICACIONCLIENTE,IDALOJAMIENTO) values ('49',to_date('03/01/23','DD/MM/RR'),to_date('02/08/23','DD/MM/RR'),'9285055109','49');
Insert into A_RESERVA (ID,FECHAINI,FECHAFIN,IDENTIFICACIONCLIENTE,IDALOJAMIENTO) values ('50',to_date('24/03/23','DD/MM/RR'),to_date('28/08/23','DD/MM/RR'),'4178370073','50');
Insert into A_RESERVA (ID,FECHAINI,FECHAFIN,IDENTIFICACIONCLIENTE,IDALOJAMIENTO) values ('51',to_date('31/03/23','DD/MM/RR'),to_date('20/06/23','DD/MM/RR'),'0001468111','51');
Insert into A_RESERVA (ID,FECHAINI,FECHAFIN,IDENTIFICACIONCLIENTE,IDALOJAMIENTO) values ('52',to_date('28/01/23','DD/MM/RR'),to_date('13/06/23','DD/MM/RR'),'5213624294','52');
Insert into A_RESERVA (ID,FECHAINI,FECHAFIN,IDENTIFICACIONCLIENTE,IDALOJAMIENTO) values ('53',to_date('16/02/23','DD/MM/RR'),to_date('24/10/23','DD/MM/RR'),'8563689126','53');
Insert into A_RESERVA (ID,FECHAINI,FECHAFIN,IDENTIFICACIONCLIENTE,IDALOJAMIENTO) values ('54',to_date('22/02/23','DD/MM/RR'),to_date('04/05/23','DD/MM/RR'),'5000471830','54');
Insert into A_RESERVA (ID,FECHAINI,FECHAFIN,IDENTIFICACIONCLIENTE,IDALOJAMIENTO) values ('55',to_date('04/03/23','DD/MM/RR'),to_date('05/10/23','DD/MM/RR'),'3088962574','55');
Insert into A_RESERVA (ID,FECHAINI,FECHAFIN,IDENTIFICACIONCLIENTE,IDALOJAMIENTO) values ('56',to_date('11/01/23','DD/MM/RR'),to_date('09/10/23','DD/MM/RR'),'0081124821','56');
Insert into A_RESERVA (ID,FECHAINI,FECHAFIN,IDENTIFICACIONCLIENTE,IDALOJAMIENTO) values ('57',to_date('20/02/23','DD/MM/RR'),to_date('05/06/23','DD/MM/RR'),'8835674131','57');
Insert into A_RESERVA (ID,FECHAINI,FECHAFIN,IDENTIFICACIONCLIENTE,IDALOJAMIENTO) values ('58',to_date('11/03/23','DD/MM/RR'),to_date('09/06/23','DD/MM/RR'),'3511754836','58');
Insert into A_RESERVA (ID,FECHAINI,FECHAFIN,IDENTIFICACIONCLIENTE,IDALOJAMIENTO) values ('59',to_date('01/02/23','DD/MM/RR'),to_date('24/12/23','DD/MM/RR'),'8475255817','59');
Insert into A_RESERVA (ID,FECHAINI,FECHAFIN,IDENTIFICACIONCLIENTE,IDALOJAMIENTO) values ('60',to_date('21/01/23','DD/MM/RR'),to_date('29/12/23','DD/MM/RR'),'0291036392','60');
Insert into A_RESERVA (ID,FECHAINI,FECHAFIN,IDENTIFICACIONCLIENTE,IDALOJAMIENTO) values ('61',to_date('19/02/23','DD/MM/RR'),to_date('10/10/23','DD/MM/RR'),'8615977623','61');
Insert into A_RESERVA (ID,FECHAINI,FECHAFIN,IDENTIFICACIONCLIENTE,IDALOJAMIENTO) values ('62',to_date('07/03/23','DD/MM/RR'),to_date('02/06/23','DD/MM/RR'),'1861704356','62');
Insert into A_RESERVA (ID,FECHAINI,FECHAFIN,IDENTIFICACIONCLIENTE,IDALOJAMIENTO) values ('63',to_date('25/03/23','DD/MM/RR'),to_date('22/11/23','DD/MM/RR'),'0267304625','63');
Insert into A_RESERVA (ID,FECHAINI,FECHAFIN,IDENTIFICACIONCLIENTE,IDALOJAMIENTO) values ('64',to_date('05/02/23','DD/MM/RR'),to_date('19/08/23','DD/MM/RR'),'8778423597','64');
Insert into A_RESERVA (ID,FECHAINI,FECHAFIN,IDENTIFICACIONCLIENTE,IDALOJAMIENTO) values ('65',to_date('25/03/23','DD/MM/RR'),to_date('14/06/23','DD/MM/RR'),'3354494212','65');
Insert into A_RESERVA (ID,FECHAINI,FECHAFIN,IDENTIFICACIONCLIENTE,IDALOJAMIENTO) values ('66',to_date('21/01/23','DD/MM/RR'),to_date('28/06/23','DD/MM/RR'),'0012264296','66');
Insert into A_RESERVA (ID,FECHAINI,FECHAFIN,IDENTIFICACIONCLIENTE,IDALOJAMIENTO) values ('67',to_date('14/03/23','DD/MM/RR'),to_date('11/09/23','DD/MM/RR'),'2807956181','67');
Insert into A_RESERVA (ID,FECHAINI,FECHAFIN,IDENTIFICACIONCLIENTE,IDALOJAMIENTO) values ('68',to_date('16/01/23','DD/MM/RR'),to_date('18/10/23','DD/MM/RR'),'7656841350','68');
Insert into A_RESERVA (ID,FECHAINI,FECHAFIN,IDENTIFICACIONCLIENTE,IDALOJAMIENTO) values ('69',to_date('15/01/23','DD/MM/RR'),to_date('24/05/23','DD/MM/RR'),'4567909062','69');
Insert into A_RESERVA (ID,FECHAINI,FECHAFIN,IDENTIFICACIONCLIENTE,IDALOJAMIENTO) values ('70',to_date('26/03/23','DD/MM/RR'),to_date('27/07/23','DD/MM/RR'),'5330365317','70');
Insert into A_RESERVA (ID,FECHAINI,FECHAFIN,IDENTIFICACIONCLIENTE,IDALOJAMIENTO) values ('71',to_date('12/02/23','DD/MM/RR'),to_date('12/08/23','DD/MM/RR'),'3749963754','71');
Insert into A_RESERVA (ID,FECHAINI,FECHAFIN,IDENTIFICACIONCLIENTE,IDALOJAMIENTO) values ('72',to_date('17/03/23','DD/MM/RR'),to_date('06/06/23','DD/MM/RR'),'4281340653','72');
Insert into A_RESERVA (ID,FECHAINI,FECHAFIN,IDENTIFICACIONCLIENTE,IDALOJAMIENTO) values ('73',to_date('04/02/23','DD/MM/RR'),to_date('11/10/23','DD/MM/RR'),'1428437681','73');
Insert into A_RESERVA (ID,FECHAINI,FECHAFIN,IDENTIFICACIONCLIENTE,IDALOJAMIENTO) values ('74',to_date('24/01/23','DD/MM/RR'),to_date('24/08/23','DD/MM/RR'),'2116925479','74');
Insert into A_RESERVA (ID,FECHAINI,FECHAFIN,IDENTIFICACIONCLIENTE,IDALOJAMIENTO) values ('75',to_date('02/02/23','DD/MM/RR'),to_date('04/10/23','DD/MM/RR'),'0707035481','75');
Insert into A_RESERVA (ID,FECHAINI,FECHAFIN,IDENTIFICACIONCLIENTE,IDALOJAMIENTO) values ('76',to_date('16/03/23','DD/MM/RR'),to_date('25/12/23','DD/MM/RR'),'9413136629','76');
Insert into A_RESERVA (ID,FECHAINI,FECHAFIN,IDENTIFICACIONCLIENTE,IDALOJAMIENTO) values ('77',to_date('08/02/23','DD/MM/RR'),to_date('26/12/23','DD/MM/RR'),'3630839940','77');
Insert into A_RESERVA (ID,FECHAINI,FECHAFIN,IDENTIFICACIONCLIENTE,IDALOJAMIENTO) values ('78',to_date('09/01/23','DD/MM/RR'),to_date('29/12/23','DD/MM/RR'),'7064782367','78');
Insert into A_RESERVA (ID,FECHAINI,FECHAFIN,IDENTIFICACIONCLIENTE,IDALOJAMIENTO) values ('79',to_date('14/01/23','DD/MM/RR'),to_date('03/09/23','DD/MM/RR'),'0971719314','79');
Insert into A_RESERVA (ID,FECHAINI,FECHAFIN,IDENTIFICACIONCLIENTE,IDALOJAMIENTO) values ('80',to_date('21/03/23','DD/MM/RR'),to_date('26/08/23','DD/MM/RR'),'7669526599','80');
Insert into A_RESERVA (ID,FECHAINI,FECHAFIN,IDENTIFICACIONCLIENTE,IDALOJAMIENTO) values ('81',to_date('22/01/23','DD/MM/RR'),to_date('04/08/23','DD/MM/RR'),'9417011820','81');
Insert into A_RESERVA (ID,FECHAINI,FECHAFIN,IDENTIFICACIONCLIENTE,IDALOJAMIENTO) values ('82',to_date('07/02/23','DD/MM/RR'),to_date('30/09/23','DD/MM/RR'),'0754049949','82');
Insert into A_RESERVA (ID,FECHAINI,FECHAFIN,IDENTIFICACIONCLIENTE,IDALOJAMIENTO) values ('83',to_date('04/02/23','DD/MM/RR'),to_date('08/09/23','DD/MM/RR'),'9956263540','83');
Insert into A_RESERVA (ID,FECHAINI,FECHAFIN,IDENTIFICACIONCLIENTE,IDALOJAMIENTO) values ('84',to_date('02/01/23','DD/MM/RR'),to_date('13/07/23','DD/MM/RR'),'9768942401','84');
Insert into A_RESERVA (ID,FECHAINI,FECHAFIN,IDENTIFICACIONCLIENTE,IDALOJAMIENTO) values ('85',to_date('28/02/23','DD/MM/RR'),to_date('19/09/23','DD/MM/RR'),'8682747251','85');
Insert into A_RESERVA (ID,FECHAINI,FECHAFIN,IDENTIFICACIONCLIENTE,IDALOJAMIENTO) values ('86',to_date('24/03/23','DD/MM/RR'),to_date('29/12/23','DD/MM/RR'),'3890733514','86');
Insert into A_RESERVA (ID,FECHAINI,FECHAFIN,IDENTIFICACIONCLIENTE,IDALOJAMIENTO) values ('87',to_date('14/01/23','DD/MM/RR'),to_date('03/11/23','DD/MM/RR'),'0697385698','87');
Insert into A_RESERVA (ID,FECHAINI,FECHAFIN,IDENTIFICACIONCLIENTE,IDALOJAMIENTO) values ('88',to_date('26/03/23','DD/MM/RR'),to_date('03/09/23','DD/MM/RR'),'9212114571','88');
Insert into A_RESERVA (ID,FECHAINI,FECHAFIN,IDENTIFICACIONCLIENTE,IDALOJAMIENTO) values ('89',to_date('12/03/23','DD/MM/RR'),to_date('04/10/23','DD/MM/RR'),'5070925008','89');
Insert into A_RESERVA (ID,FECHAINI,FECHAFIN,IDENTIFICACIONCLIENTE,IDALOJAMIENTO) values ('90',to_date('14/01/23','DD/MM/RR'),to_date('25/09/23','DD/MM/RR'),'9363180603','90');
Insert into A_RESERVA (ID,FECHAINI,FECHAFIN,IDENTIFICACIONCLIENTE,IDALOJAMIENTO) values ('91',to_date('21/01/23','DD/MM/RR'),to_date('12/08/23','DD/MM/RR'),'0515129445','91');
Insert into A_RESERVA (ID,FECHAINI,FECHAFIN,IDENTIFICACIONCLIENTE,IDALOJAMIENTO) values ('92',to_date('17/03/23','DD/MM/RR'),to_date('15/11/23','DD/MM/RR'),'7826964016','92');
Insert into A_RESERVA (ID,FECHAINI,FECHAFIN,IDENTIFICACIONCLIENTE,IDALOJAMIENTO) values ('93',to_date('19/02/23','DD/MM/RR'),to_date('07/08/23','DD/MM/RR'),'7819432314','93');
Insert into A_RESERVA (ID,FECHAINI,FECHAFIN,IDENTIFICACIONCLIENTE,IDALOJAMIENTO) values ('94',to_date('25/02/23','DD/MM/RR'),to_date('22/05/23','DD/MM/RR'),'5675233237','94');
Insert into A_RESERVA (ID,FECHAINI,FECHAFIN,IDENTIFICACIONCLIENTE,IDALOJAMIENTO) values ('95',to_date('08/02/23','DD/MM/RR'),to_date('26/06/23','DD/MM/RR'),'1570726094','95');
Insert into A_RESERVA (ID,FECHAINI,FECHAFIN,IDENTIFICACIONCLIENTE,IDALOJAMIENTO) values ('96',to_date('25/02/23','DD/MM/RR'),to_date('09/12/23','DD/MM/RR'),'4711853987','96');
Insert into A_RESERVA (ID,FECHAINI,FECHAFIN,IDENTIFICACIONCLIENTE,IDALOJAMIENTO) values ('97',to_date('15/02/23','DD/MM/RR'),to_date('23/09/23','DD/MM/RR'),'5697911025','97');
Insert into A_RESERVA (ID,FECHAINI,FECHAFIN,IDENTIFICACIONCLIENTE,IDALOJAMIENTO) values ('98',to_date('14/01/23','DD/MM/RR'),to_date('02/12/23','DD/MM/RR'),'9313344653','98');
Insert into A_RESERVA (ID,FECHAINI,FECHAFIN,IDENTIFICACIONCLIENTE,IDALOJAMIENTO) values ('99',to_date('25/03/23','DD/MM/RR'),to_date('14/07/23','DD/MM/RR'),'9797813428','99');
Insert into A_RESERVA (ID,FECHAINI,FECHAFIN,IDENTIFICACIONCLIENTE,IDALOJAMIENTO) values ('100',to_date('22/01/23','DD/MM/RR'),to_date('02/05/23','DD/MM/RR'),'5438635420','100');



